Table	Row	Originally hidden
DT_NewShopItem	Magazine Operator Black Shadow	False
DT_NewShopItem	Operator India	False
DT_NewShopItem	Operator Gazed	False
DT_NewShopItem	Operator Executioner	False
DT_NewShopItem	Operator Executioner Shadow	False
DT_NewShopItem	Bundle AK47 Asimov	False
DT_NewShopItem	Bundle AK47 CrimeScene	False
DT_NewShopItem	Deagle Base ColdPixel	False
DT_NewShopItem	Deagle Base Desert Pixel	False
DT_NewShopItem	SVD Barrel Astral	False
DT_NewShopItem	Glock17 Tumble Wood	False
DT_NewShopItem	Bundle Glock17 Blood Moon	False
DT_NewShopItem	Bundle AK47 Iridescent	False
DT_NewShopItem	FNFAL Stock Bloody Mary	False
DT_NewShopItem	Bundle AK47 Reliable	False
DT_NewShopItem	Bundle Glock17 IFriee	False
DT_NewShopItem	M1911 Slide Splinter Night	False
DT_NewShopItem	Bundle M4A1 Base Azimov	False
DT_NewShopItem	Bundle M4A1 Base Splinter Night	False
DT_NewShopItem	Bundle Glock17 Ticket To Hell	False
DT_NewShopItem	Bundle M4A1 Base Ticket To Hell	False
DT_NewShopItem	Scar-H Base Iridescent	False
DT_NewShopItem	Bundle Scar-H Base Crime Scene	False
DT_NewShopItem	UMP Base Skull And Roses	False
DT_NewShopItem	UMP Base Fire Aspect	False
DT_NewShopItem	Bundle AK47 Shadow	False
DT_NewShopItem	Deagle Base White Liquid	False
DT_NewShopItem	Deagle Base Fire Aspect	False
DT_NewShopItem	Deagle Base Western	False
DT_NewShopItem	Bundle AK47 Western Red	False
DT_NewShopItem	Bundle AK47 Western White	False
DT_NewShopItem	Bundle AK47 Western Black	False
DT_NewShopItem	Bundle Kobra Base Shadow	False
DT_NewShopItem	Bundle Kobra Base IFriee	False
DT_NewShopItem	Kobra Slide White Liquid	False
DT_NewShopItem	Uzi Base Chromatic Zebra	False
DT_NewShopItem	Uzi Base Final Step	False
DT_NewShopItem	Uzi Base One Escapes Death	False
DT_NewShopItem	Bundle M4A1 Base French Patriot	False
DT_NewShopItem	Bundle M4A1 Base BCPD	False
DT_NewShopItem	Bundle M4A1 Base Western	False
DT_NewShopItem	Bundle FNFAL Bloody Mary	False
DT_NewShopItem	Bundle AK47 IFriee	False
DT_NewShopItem	Bundle Scar-H Base Shadow	False
DT_NewShopItem	Bundle Scar-H Base Abstract	False
DT_NewShopItem	Deagle Base Ifiree	False
DT_NewShopItem	Dragunov Base Shadow	False
DT_NewShopItem	Bundle Glock17 Abstract	False
DT_NewShopItem	Operator DefaultSkin	False
DT_NewShopItem	M1911 Slide Western	False
DT_NewShopItem	MP5 Base Bloody Mary	False
DT_NewShopItem	MP5 Base Ifriee	False
DT_NewShopItem	Bundle UMP Base Ifriee	False
DT_NewShopItem	Bundle AK47 Bandage	False
DT_NewShopItem	Bundle M1911 BTK	False
DT_NewShopItem	Deagle Base Barbeled	False
DT_NewShopItem	Dragunov Base WW1 White	True
DT_NewShopItem	Dragunov Base WW1 Black	True
DT_NewShopItem	Bundle M4A1 Base Joker	False
DT_NewShopItem	Bundle MP5 Wooden	False
DT_NewShopItem	Bundle Mossberg590 Base Drawing	False
DT_NewShopItem	Operator Bravo	False
DT_NewShopItem	Operator Delta	False
DT_NewShopItem	Operator Echo	False
DT_NewShopItem	Operator Foxtrot	False
DT_NewShopItem	Operator Golf	False
DT_NewShopItem	Operator Juliet	False
DT_NewShopItem	Operator Mike	False
DT_NewShopItem	Operator Papa	False
DT_NewShopItem	Operator Quebec	False
DT_NewShopItem	Operator Romeo	False
DT_NewShopItem	Operator Tango	False
DT_NewShopItem	Operator Uniform	False
DT_NewShopItem	Operator Victor	False
DT_NewShopItem	Operator Oscar	False
DT_NewShopItem	Operator Whiskey	False
DT_NewShopItem	Operator Yankee	False
DT_NewShopItem	Operator Lima	False
DT_NewShopItem	Operator Hotel	False
DT_NewShopItem	Operator Dark Cream	False
DT_NewShopItem	Operator Blood Moon	False
DT_NewShopItem	Operator Ash	False
DT_NewShopItem	Operator White Liquid	False
DT_NewShopItem	Operator Snow Runner	False
DT_NewShopItem	Operator Texas	False
DT_NewShopItem	Operator BCPD Moon	False
DT_NewShopItem	Operator BCPD Runner	False
DT_NewShopItem	Operator Gas Punish	False
DT_NewShopItem	Operator Gunner 01	False
DT_NewShopItem	Operator Gunner 02	False
DT_NewShopItem	Operator Cap 01	False
DT_NewShopItem	Operator Cap 02	False
DT_NewShopItem	Operator Cap 03	False
DT_NewShopItem	Operator Radio	False
DT_NewShopItem	Operator Radio 2	False
DT_NewShopItem	Operator Executioner Hallowhen	False
DT_NewShopItem	Operator Executioner Punish	False
DT_NewShopItem	Operator Executioner Dust	False
DT_NewShopItem	Operator Cap Dust	False
DT_NewShopItem	Operator Jess	False
DT_NewShopItem	Operator Usa 01	False
DT_NewShopItem	Operator Usa 02	False
DT_NewShopItem	Operator France 01	False
DT_NewShopItem	Operator France 02	False
DT_NewShopItem	Operator Ukraine 01	False
DT_NewShopItem	Operator Canada 01	False
DT_NewShopItem	Operator BadBoy	False
DT_NewShopItem	Operator Blood Moon 02	False
DT_NewShopItem	Badge Rookie S0	False
DT_NewShopItem	Badge Soldat S0	False
DT_NewShopItem	Badge Caporal S0	False
DT_NewShopItem	Badge Sergent S0	False
DT_NewShopItem	Badge Major S0	False
DT_NewShopItem	Badge Colonel S0	False
DT_NewShopItem	Badge General S0	False
DT_NewShopItem	Badge Reissad S0	False
DT_NewShopItem	Bundle Fostech Chroma	False
DT_NewShopItem	Mossberg590 Stock Fabarm Classic	False
DT_NewShopItem	Bundle Scar-H Base soldier	False
DT_NewShopItem	Bundle Fostech Leopard	False
DT_NewShopItem	Bundle Scar-H Base Ticket To Hell	False
DT_NewShopItem	Bundle Fostech Soldier	False
DT_NewShopItem	Bundle FNFAL Dirty	False
DT_NewShopItem	Bundle Fostech Dirty	False
DT_NewShopItem	Bundle Mossberg590 Base Dirty	False
DT_NewShopItem	Revolver Base Dirty	False
DT_NewShopItem	Bundle UMP Base Dirty	False
DT_NewShopItem	Operator GIGN	False
DT_NewShopItem	Operator Tchernobyl	False
DT_NewShopItem	Operator Tchernobyl 1	False
DT_NewShopItem	Operator Tchernobyl 2	False
DT_NewShopItem	Operator Tchernobyl 3	False
DT_NewShopItem	Operator Ultra Heavy	False
DT_NewShopItem	Flag ae	False
DT_NewShopItem	Flag af	False
DT_NewShopItem	Flag ax	False
DT_NewShopItem	Flag al	False
DT_NewShopItem	Flag dz	False
DT_NewShopItem	Flag as	False
DT_NewShopItem	Flag ad	False
DT_NewShopItem	Flag ao	False
DT_NewShopItem	Flag ai	False
DT_NewShopItem	Flag aq	False
DT_NewShopItem	Flag ag	False
DT_NewShopItem	Flag ar	False
DT_NewShopItem	Flag am	False
DT_NewShopItem	Flag aw	False
DT_NewShopItem	Flag au	False
DT_NewShopItem	Flag at	False
DT_NewShopItem	Flag az	False
DT_NewShopItem	Flag bs	False
DT_NewShopItem	Flag bh	False
DT_NewShopItem	Flag bd	False
DT_NewShopItem	Flag bb	False
DT_NewShopItem	Flag by	False
DT_NewShopItem	Flag be	False
DT_NewShopItem	Flag bz	False
DT_NewShopItem	Flag bj	False
DT_NewShopItem	Flag bm	False
DT_NewShopItem	Flag bt	False
DT_NewShopItem	Flag bo	False
DT_NewShopItem	Flag ba	False
DT_NewShopItem	Flag bw	False
DT_NewShopItem	Flag bv	False
DT_NewShopItem	Flag br	False
DT_NewShopItem	Flag io	False
DT_NewShopItem	Flag bn	False
DT_NewShopItem	Flag bg	False
DT_NewShopItem	Flag bf	False
DT_NewShopItem	Flag bi	False
DT_NewShopItem	Flag kh	False
DT_NewShopItem	Flag cm	False
DT_NewShopItem	Flag ca	False
DT_NewShopItem	Flag cv	False
DT_NewShopItem	Flag bq	False
DT_NewShopItem	Flag ky	False
DT_NewShopItem	Flag cf	False
DT_NewShopItem	Flag td	False
DT_NewShopItem	Flag cl	False
DT_NewShopItem	Flag cn	False
DT_NewShopItem	Flag cx	False
DT_NewShopItem	Flag cc	False
DT_NewShopItem	Flag co	False
DT_NewShopItem	Flag km	False
DT_NewShopItem	Flag cg	False
DT_NewShopItem	Flag cd	False
DT_NewShopItem	Flag ck	False
DT_NewShopItem	Flag cr	False
DT_NewShopItem	Flag ci	False
DT_NewShopItem	Flag hr	False
DT_NewShopItem	Flag cu	False
DT_NewShopItem	Flag cw	False
DT_NewShopItem	Flag cy	False
DT_NewShopItem	Flag cz	False
DT_NewShopItem	Flag dk	False
DT_NewShopItem	Flag dj	False
DT_NewShopItem	Flag dm	False
DT_NewShopItem	Flag do	False
DT_NewShopItem	Flag ec	False
DT_NewShopItem	Flag eg	False
DT_NewShopItem	Flag sv	False
DT_NewShopItem	Flag fk	False
DT_NewShopItem	Flag fo	False
DT_NewShopItem	Flag fj	False
DT_NewShopItem	Flag fi	False
DT_NewShopItem	Flag fr	False
DT_NewShopItem	Flag gf	False
DT_NewShopItem	Flag pf	False
DT_NewShopItem	Flag tf	False
DT_NewShopItem	Flag ga	False
DT_NewShopItem	Flag gm	False
DT_NewShopItem	Flag ge	False
DT_NewShopItem	Flag de	False
DT_NewShopItem	Flag gh	False
DT_NewShopItem	Flag gi	False
DT_NewShopItem	Flag gr	False
DT_NewShopItem	Flag gl	False
DT_NewShopItem	Flag gd	False
DT_NewShopItem	Flag gp	False
DT_NewShopItem	Flag gu	False
DT_NewShopItem	Flag gt	False
DT_NewShopItem	Flag gg	False
DT_NewShopItem	Flag gn	False
DT_NewShopItem	Flag gw	False
DT_NewShopItem	Flag gy	False
DT_NewShopItem	Flag ht	False
DT_NewShopItem	Flag hm	False
DT_NewShopItem	Flag hn	False
DT_NewShopItem	Flag hk	False
DT_NewShopItem	Flag hu	False
DT_NewShopItem	Flag is	False
DT_NewShopItem	Flag in	False
DT_NewShopItem	Flag id	False
DT_NewShopItem	Flag ir	False
DT_NewShopItem	Flag iq	False
DT_NewShopItem	Flag ie	False
DT_NewShopItem	Flag im	False
DT_NewShopItem	Flag il	False
DT_NewShopItem	Flag it	False
DT_NewShopItem	Flag jm	False
DT_NewShopItem	Flag jp	False
DT_NewShopItem	Flag je	False
DT_NewShopItem	Flag jo	False
DT_NewShopItem	Flag kz	False
DT_NewShopItem	Flag ke	False
DT_NewShopItem	Flag ki	False
DT_NewShopItem	Flag kp	False
DT_NewShopItem	Flag kr	False
DT_NewShopItem	Flag xk	False
DT_NewShopItem	Flag kw	False
DT_NewShopItem	Flag kg	False
DT_NewShopItem	Flag la	False
DT_NewShopItem	Flag lv	False
DT_NewShopItem	Flag lb	False
DT_NewShopItem	Flag ls	False
DT_NewShopItem	Flag lr	False
DT_NewShopItem	Flag ly	False
DT_NewShopItem	Flag li	False
DT_NewShopItem	Flag lt	False
DT_NewShopItem	Flag lu	False
DT_NewShopItem	Flag mo	False
DT_NewShopItem	Flag mg	False
DT_NewShopItem	Flag mw	False
DT_NewShopItem	Flag my	False
DT_NewShopItem	Flag mv	False
DT_NewShopItem	Flag ml	False
DT_NewShopItem	Flag mt	False
DT_NewShopItem	Flag mh	False
DT_NewShopItem	Flag mq	False
DT_NewShopItem	Flag mr	False
DT_NewShopItem	Flag mu	False
DT_NewShopItem	Flag yt	False
DT_NewShopItem	Flag mx	False
DT_NewShopItem	Flag fm	False
DT_NewShopItem	Flag md	False
DT_NewShopItem	Flag mc	False
DT_NewShopItem	Flag mn	False
DT_NewShopItem	Flag me	False
DT_NewShopItem	Flag ms	False
DT_NewShopItem	Flag ma	False
DT_NewShopItem	Flag mz	False
DT_NewShopItem	Flag mm	False
DT_NewShopItem	Flag na	False
DT_NewShopItem	Flag nr	False
DT_NewShopItem	Flag np	False
DT_NewShopItem	Flag nl	False
DT_NewShopItem	Flag nc	False
DT_NewShopItem	Flag nz	False
DT_NewShopItem	Flag ni	False
DT_NewShopItem	Flag ne	False
DT_NewShopItem	Flag ng	False
DT_NewShopItem	Flag nu	False
DT_NewShopItem	Flag nf	False
DT_NewShopItem	Flag mk	False
DT_NewShopItem	Flag mp	False
DT_NewShopItem	Flag no	False
DT_NewShopItem	Flag om	False
DT_NewShopItem	Flag pk	False
DT_NewShopItem	Flag pw	False
DT_NewShopItem	Flag ps	False
DT_NewShopItem	Flag pa	False
DT_NewShopItem	Flag pg	False
DT_NewShopItem	Flag py	False
DT_NewShopItem	Flag pe	False
DT_NewShopItem	Flag ph	False
DT_NewShopItem	Flag pn	False
DT_NewShopItem	Flag pl	False
DT_NewShopItem	Flag pt	False
DT_NewShopItem	Flag pr	False
DT_NewShopItem	Flag qa	False
DT_NewShopItem	Flag re	False
DT_NewShopItem	Flag ro	False
DT_NewShopItem	Flag ru	False
DT_NewShopItem	Flag rw	False
DT_NewShopItem	Flag bl	False
DT_NewShopItem	Flag sh	False
DT_NewShopItem	Flag kn	False
DT_NewShopItem	Flag lc	False
DT_NewShopItem	Flag mf	False
DT_NewShopItem	Flag pm	False
DT_NewShopItem	Flag VCT	False
DT_NewShopItem	Flag WSM	False
DT_NewShopItem	Flag sm	False
DT_NewShopItem	Flag st	False
DT_NewShopItem	Flag sa	False
DT_NewShopItem	Flag sn	False
DT_NewShopItem	Flag rs	False
DT_NewShopItem	Flag sc	False
DT_NewShopItem	Flag sl	False
DT_NewShopItem	Flag sg	False
DT_NewShopItem	Flag sx	False
DT_NewShopItem	Flag sk	False
DT_NewShopItem	Flag si	False
DT_NewShopItem	Flag sb	False
DT_NewShopItem	Flag so	False
DT_NewShopItem	Flag za	False
DT_NewShopItem	Flag gs	False
DT_NewShopItem	Flag ss	False
DT_NewShopItem	Flag es	False
DT_NewShopItem	Flag lk	False
DT_NewShopItem	Flag sd	False
DT_NewShopItem	Flag sr	False
DT_NewShopItem	Flag sj	False
DT_NewShopItem	Flag se	False
DT_NewShopItem	Flag ch	False
DT_NewShopItem	Flag sy	False
DT_NewShopItem	Flag tw	False
DT_NewShopItem	Flag tz	False
DT_NewShopItem	Flag th	False
DT_NewShopItem	Flag tl	False
DT_NewShopItem	Flag tg	False
DT_NewShopItem	Flag tk	False
DT_NewShopItem	Flag to	False
DT_NewShopItem	Flag tt	False
DT_NewShopItem	Flag tn	False
DT_NewShopItem	Flag tr	False
DT_NewShopItem	Flag tm	False
DT_NewShopItem	Flag tc	False
DT_NewShopItem	Flag tv	False
DT_NewShopItem	Flag ug	False
DT_NewShopItem	Flag ua	False
DT_NewShopItem	Flag gb	False
DT_NewShopItem	Flag us	False
DT_NewShopItem	Flag um	False
DT_NewShopItem	Flag uy	False
DT_NewShopItem	Flag uz	False
DT_NewShopItem	Flag va	False
DT_NewShopItem	Flag ve	False
DT_NewShopItem	Flag vg	False
DT_NewShopItem	Flag vi	False
DT_NewShopItem	Flag vn	False
DT_NewShopItem	Flag vu	False
DT_NewShopItem	Flag wf	False
DT_NewShopItem	Flag ye	False
DT_NewShopItem	Flag zm	False
DT_NewShopItem	Flag zw	False
DT_NewShopItem	Operator Air Force One	False
DT_NewShopItem	Operator Air Force Two	False
DT_NewShopItem	Operator Camping	False
DT_NewShopItem	Operator ChillGuy	False
DT_NewShopItem	Operator Civil	False
DT_NewShopItem	Operator Commando	False
DT_NewShopItem	Operator Executionner White	False
DT_NewShopItem	Operator Fly	False
DT_NewShopItem	Operator Fly White	False
DT_NewShopItem	Operator Ghost	False
DT_NewShopItem	Operator Johnny	False
DT_NewShopItem	Operator Khalid	False
DT_NewShopItem	Operator Light	False
DT_NewShopItem	Operator Lumberjack	False
DT_NewShopItem	Operator Navy	False
DT_NewShopItem	Operator Operator	False
DT_NewShopItem	Operator Phantom	False
DT_NewShopItem	Operator Phantom Classic	False
DT_NewShopItem	Operator Police	False
DT_NewShopItem	Operator Private Assasin	False
DT_NewShopItem	Operator Reaper	False
DT_NewShopItem	Operator Russia	False
DT_NewShopItem	Operator Russia 02	False
DT_NewShopItem	Operator Scientific	False
DT_NewShopItem	Operator Survivor	False
DT_NewShopItem	Operator Tariq	False
DT_NewShopItem	Operator Winter Solider	False
DT_NewShopItem	Operator Zbr	False
DT_NewShopItem	Operator Australian	False
DT_NewShopItem	Operator Climber	False
DT_NewShopItem	Operator Gangster	False
DT_NewShopItem	Operator Ghillie	False
DT_NewShopItem	Operator Houari	False
DT_NewShopItem	Operator Phantom Light	False
DT_NewShopItem	Operator Phantom Forest	False
DT_NewShopItem	Uzi Base Electric	False
DT_NewShopItem	Operator Soldat S2	False
DT_NewShopItem	Operator Caporal S2	False
DT_NewShopItem	Operator Sergent S2	False
DT_NewShopItem	Operator Major S2	False
DT_NewShopItem	Operator Colonel S2	False
DT_NewShopItem	Operator General S2	False
DT_NewShopItem	Operator Reissad S2	False
DT_NewShopItem	Deagle Base Leaf	False
DT_NewShopItem	Deagle Base Snow	False
DT_NewShopItem	Deagle Base Woodchips	False
DT_NewShopItem	Deagle Base Night	False
DT_NewShopItem	Deagle Base Soil	False
DT_NewShopItem	Deagle Base Cracked	False
DT_NewShopItem	Deagle Base Rust	False
DT_NewShopItem	Deagle Base Infantry	False
DT_NewShopItem	Deagle Base Blue Pixel	False
DT_NewShopItem	Deagle Base Research	False
DT_NewShopItem	Deagle Base Winter	False
DT_NewShopItem	Deagle Base Pond	False
DT_NewShopItem	Deagle Base Sand	False
DT_NewShopItem	Dragunov Base Leaf	False
DT_NewShopItem	Dragunov Base Snow	False
DT_NewShopItem	Dragunov Base Woodchips	False
DT_NewShopItem	Dragunov Base Night	False
DT_NewShopItem	Dragunov Base Soil	False
DT_NewShopItem	Dragunov Base Cracked	False
DT_NewShopItem	Dragunov Base Rust	False
DT_NewShopItem	Dragunov Base Infantry	False
DT_NewShopItem	Dragunov Base Blue Pixel	False
DT_NewShopItem	Dragunov Base Research	False
DT_NewShopItem	Dragunov Base Winter	False
DT_NewShopItem	Dragunov Base Pond	False
DT_NewShopItem	Dragunov Base Sand	False
DT_NewShopItem	FNFAL Base Leaf	False
DT_NewShopItem	FNFAL Base Snow	False
DT_NewShopItem	FNFAL Base Woodchips	False
DT_NewShopItem	FNFAL Base Night	False
DT_NewShopItem	FNFAL Base Soil	False
DT_NewShopItem	FNFAL Base Cracked	False
DT_NewShopItem	FNFAL Base Rust	False
DT_NewShopItem	FNFAL Base Infantry	False
DT_NewShopItem	FNFAL Base Blue Pixel	False
DT_NewShopItem	FNFAL Base Research	False
DT_NewShopItem	FNFAL Base Winter	False
DT_NewShopItem	FNFAL Base Pond	False
DT_NewShopItem	FNFAL Base Sand	False
DT_NewShopItem	Fostech Base Leaf	False
DT_NewShopItem	Fostech Base Snow	False
DT_NewShopItem	Fostech Base Woodchips	False
DT_NewShopItem	Fostech Base Night	False
DT_NewShopItem	Fostech Base Soil	False
DT_NewShopItem	Fostech Base Cracked	False
DT_NewShopItem	Fostech Base Rust	False
DT_NewShopItem	Fostech Base Infantry	False
DT_NewShopItem	Fostech Base Blue Pixel	False
DT_NewShopItem	Fostech Base Research	False
DT_NewShopItem	Fostech Base Winter	False
DT_NewShopItem	Fostech Base Pond	False
DT_NewShopItem	Fostech Base Sand	False
DT_NewShopItem	Glock17 Leaf	False
DT_NewShopItem	Glock17 Snow	False
DT_NewShopItem	Glock17 Base Woodchips	False
DT_NewShopItem	Glock17 Night	False
DT_NewShopItem	Glock17 Base Soil	False
DT_NewShopItem	Glock17 Cracked	False
DT_NewShopItem	Glock17 Rust	False
DT_NewShopItem	Glock17 Base Infantry	False
DT_NewShopItem	Bundle Glock17 Blue Pixel	False
DT_NewShopItem	Glock17 Research	False
DT_NewShopItem	Bundle Glock17 Winter	False
DT_NewShopItem	Glock17 Pond	False
DT_NewShopItem	Glock17 Sand	False
DT_NewShopItem	Kobra Slide Leaf	False
DT_NewShopItem	Kobra Base Snow	False
DT_NewShopItem	Kobra Slide Woodchips	False
DT_NewShopItem	Kobra Slide Night	False
DT_NewShopItem	Kobra Slide Soil	False
DT_NewShopItem	Kobra Slide Cracked	False
DT_NewShopItem	Kobra Slide Rust	False
DT_NewShopItem	Kobra Slide Infantry	False
DT_NewShopItem	Kobra Slide BluePixel	False
DT_NewShopItem	Kobra Slide Research	False
DT_NewShopItem	Kobra Slide Winter	False
DT_NewShopItem	Kobra Slide Pond	False
DT_NewShopItem	Kobra Slide Sand	False
DT_NewShopItem	M1911 Slide Leaf	False
DT_NewShopItem	M1911 Slide Snow	False
DT_NewShopItem	M1911 Slide Woodchips	False
DT_NewShopItem	M1911 Slide Night	False
DT_NewShopItem	M1911 Slide Soil	False
DT_NewShopItem	M1911 Slide Cracked	False
DT_NewShopItem	M1911 Slide Rust	False
DT_NewShopItem	M1911 Slide Infantry	False
DT_NewShopItem	M1911 Slide Blue Pixel	False
DT_NewShopItem	M1911 Slide Research	False
DT_NewShopItem	M1911 Slide Winter	False
DT_NewShopItem	Mossberg590 Base Leaf	False
DT_NewShopItem	Mossberg590 Base Snow	False
DT_NewShopItem	Mossberg590 Base Woodchips	False
DT_NewShopItem	Mossberg590 Base Night	False
DT_NewShopItem	Mossberg590 Base Soil	False
DT_NewShopItem	Mossberg590 Base Cracked	False
DT_NewShopItem	Mossberg590 Base Rust	False
DT_NewShopItem	Mossberg590 Base Infantry	False
DT_NewShopItem	Mossberg590 Base Blue Pixel	False
DT_NewShopItem	Mossberg590 Base Research	False
DT_NewShopItem	Mossberg590 Base Winter	False
DT_NewShopItem	Mossberg590 Base Pond	False
DT_NewShopItem	Mossberg590 Base Sand	False
DT_NewShopItem	Uzi Base Leaf	False
DT_NewShopItem	Uzi Base Snow	False
DT_NewShopItem	Uzi Base Woodchips	False
DT_NewShopItem	Uzi Base Night	False
DT_NewShopItem	Uzi Base Soil	False
DT_NewShopItem	Uzi Base Cracked	False
DT_NewShopItem	Uzi Base Rust	False
DT_NewShopItem	Uzi Base Infantry	False
DT_NewShopItem	Uzi Base Blue Pixel	False
DT_NewShopItem	Uzi Base Research	False
DT_NewShopItem	Uzi Base Winter	False
DT_NewShopItem	Uzi Base Pond	False
DT_NewShopItem	Uzi Base Sand	False
DT_NewShopItem	Revolver Base Leaf	False
DT_NewShopItem	Revolver Base Snow	False
DT_NewShopItem	Revolver Base Woodchips	False
DT_NewShopItem	Revolver Base Night	False
DT_NewShopItem	Revolver Base Soil	False
DT_NewShopItem	Revolver Base Cracked	False
DT_NewShopItem	Revolver Base Rust	False
DT_NewShopItem	Revolver Base Infantry	False
DT_NewShopItem	Revolver Base Blue Pixel	False
DT_NewShopItem	Revolver Base Research	False
DT_NewShopItem	Revolver Base Winter	False
DT_NewShopItem	Revolver Base Pond	False
DT_NewShopItem	Revolver Base Sand	False
DT_NewShopItem	Operator FBazook	False
DT_NewShopItem	Operator Infiltrate	False
DT_NewShopItem	Operator Jean Paul	False
DT_NewShopItem	Operator Midnight Blue	False
DT_NewShopItem	Operator Pitiver	False
DT_NewShopItem	Operator Tan	False
DT_NewShopItem	Operator Torrent	False
DT_NewShopItem	Operator Shadow	False
DT_NewShopItem	Grenade Flash	False
DT_NewShopItem	Grenade G67	False
DT_NewShopItem	Grenade G68	False
DT_NewShopItem	Optic Magnifier 1x	True
DT_NewShopItem	Optic Panorama Orange	False
DT_NewShopItem	Muzzle AI Sound Moderator338	False
DT_NewShopItem	Muzzle AI Sound Moderator 338 Brake	False
DT_NewShopItem	Muzzle QDL	False
DT_NewShopItem	Muzzle AACSDN	False
DT_NewShopItem	Muzzle Gemtechone	False
DT_NewShopItem	Muzzle Hybrid 46	False
DT_NewShopItem	Muzzle M4SD	False
DT_NewShopItem	Muzzle Silencer M4SD Brake	False
DT_NewShopItem	Muzzle Osprey 9	False
DT_NewShopItem	Muzzle SIG SRD 9	False
DT_NewShopItem	Muzzle KAC PRS	False
DT_NewShopItem	Muzzle WAWE	False
DT_NewShopItem	Muzzle Brake WAWE	False
DT_NewShopItem	Muzzle TBA Ultra 5	False
DT_NewShopItem	Muzzle TBA Ultra 5 Brake	False
DT_NewShopItem	Muzzle Thor PSR	False
DT_NewShopItem	Muzzle Thor PSR Brake	False
DT_NewShopItem	Underbarrel cobra tactical Black	False
DT_NewShopItem	Underbarrel cobra tactical Sand	False
DT_NewShopItem	Underbarrel cobra tactical Green	False
DT_NewShopItem	Underbarrel ERGO vertical grip	False
DT_NewShopItem	Underbarrel magpul AFG	False
DT_NewShopItem	Underbarrel fortis shift vertical forward grip	False
DT_NewShopItem	Underbarrel magpul RVG	False
DT_NewShopItem	Underbarrel BCM GUNFIGHTER	False
DT_NewShopItem	Underbarrel AFG	False
DT_NewShopItem	Underbarrel Tactical Stark SE	True
DT_NewShopItem	Underbarrel Vertical Grip Tango down	False
DT_NewShopItem	Underbarrel TD Skeletonized Vertical Foregrip	False
DT_NewShopItem	Underbarrel foregripshift	False
DT_NewShopItem	Grenade Moon	True
DT_NewShopItem	Grenade N67	False
DT_NewShopItem	Grenade RGN	False
DT_NewShopItem	Flashlight baldr PRO	False
DT_NewShopItem	Siderail surefire x400 tactical	False
DT_NewShopItem	Flashlight baldr PRO Blue	False
DT_NewShopItem	Flashlight Siderail FFL-1	False
DT_NewShopItem	Scar Optic Default	False
DT_NewShopItem	Optic Detra Point Pro	False
DT_NewShopItem	Optic RETOTEC EFLX reddot sight	False
DT_NewShopItem	Optic reddot burris Fast Fire 3	False
DT_NewShopItem	Optic holo sun thermal vision	False
DT_NewShopItem	Optic reddot sight acro	True
DT_NewShopItem	Optic reddot Sig Sauer Romeo 4	True
DT_NewShopItem	Optic HAMR Leupold	False
DT_NewShopItem	Optic ROMEO 5X Red Dot	True
DT_NewShopItem	Optic ROMEO 8T Nightvision	False
DT_NewShopItem	Optic scope BRAVO 4	False
DT_NewShopItem	Optic prismscope	False
DT_NewShopItem	Optic Vortex Razor UH-1 GenII Holographic Sight	False
DT_NewShopItem	Optic Aimpoint Micro H-2	False
DT_NewShopItem	Fostech Optic Default	False
DT_NewShopItem	Ammo Gauge	False
DT_NewShopItem	Ammo BirdshotGreen	False
DT_NewShopItem	Ammo 10mm	False
DT_NewShopItem	Ammo 127mmBreda	False
DT_NewShopItem	Ammo 127x108mm	False
DT_NewShopItem	Ammo 145x114mm	False
DT_NewShopItem	Ammo 17HMR	False
DT_NewShopItem	Ammo 224VALK	False
DT_NewShopItem	Ammo 22longrifle	False
DT_NewShopItem	Ammo 243WIN	False
DT_NewShopItem	Ammo 270WIN	False
DT_NewShopItem	Ammo 30-06	False
DT_NewShopItem	Ammo 30-30Win	False
DT_NewShopItem	Ammo 300BLK	False
DT_NewShopItem	Ammo 30Carbine	False
DT_NewShopItem	Ammo 338LUPUA	False
DT_NewShopItem	Ammo 357Magnum	False
DT_NewShopItem	Ammo 380ACP	False
DT_NewShopItem	Ammo 38SPL	False
DT_NewShopItem	Ammo 404Jeffery	False
DT_NewShopItem	Ammo 40SW	False
DT_NewShopItem	Ammo 416Brrett	False
DT_NewShopItem	Ammo 416Hoffman	False
DT_NewShopItem	Ammo 45-50GOV	False
DT_NewShopItem	Ammo 458 Socom	False
DT_NewShopItem	Ammo 45ACP	False
DT_NewShopItem	Ammo 45 AC Phollowpoint	False
DT_NewShopItem	Ammo 460 Steyr	False
DT_NewShopItem	Ammo 460 Weatherbymagnum	False
DT_NewShopItem	Ammo 505 Gibs	False
DT_NewShopItem	Ammo 50 BATM48A1	False
DT_NewShopItem	Ammo 50 BMG	False
DT_NewShopItem	Ammo 55 Boys	False
DT_NewShopItem	Ammo 577 Nitro Express	False
DT_NewShopItem	Ammo 577 Tyrannosaur	False
DT_NewShopItem	Ammo 556x45mm	False
DT_NewShopItem	Ammo 57FN	False
DT_NewShopItem	Ammo 600 Nitro Express	False
DT_NewShopItem	Ammo 60 T08	False
DT_NewShopItem	Ammo 65 Grendel	False
DT_NewShopItem	Ammo 68 spc	False
DT_NewShopItem	Ammo 6mm CM	False
DT_NewShopItem	Ammo 700 Nitro Express	False
DT_NewShopItem	Ammo 762x39mm	False
DT_NewShopItem	Ammo 762x51mm	False
DT_NewShopItem	Ammo 762x54R	False
DT_NewShopItem	Ammo 950JDJ	False
DT_NewShopItem	Ammo FMJ-FN	False
DT_NewShopItem	Ammo FMJ-RN	False
DT_NewShopItem	Ammo LRN	False
DT_NewShopItem	Ammo Jacketed Hollow Point	False
DT_NewShopItem	Ammo Polymer Tip	False
DT_NewShopItem	Ammo 44 Magnum Flat Nose	False
DT_NewShopItem	Ammo 20 Gauge Recoil	False
DT_NewShopItem	Ammo 20 Gauge	False
DT_NewShopItem	M4A1 Stock Default	False
DT_NewShopItem	M4A1 Barrel Default	False
DT_NewShopItem	M4A1 Trigger Default	False
DT_NewShopItem	Underbarrel BipodBT10 Close	True
DT_NewShopItem	Underbarrel BipodBT10 Open	True
DT_NewShopItem	M4A1 Barrel Tactical	False
DT_NewShopItem	M4A1 Stock Tactical Black	False
DT_NewShopItem	M4A1 Stock Tactical Olive	False
DT_NewShopItem	M4A1 Stock Tactical Sand	False
DT_NewShopItem	AR15 Stock Default	False
DT_NewShopItem	AR15 Grip Default	False
DT_NewShopItem	M4A1 Grip Tactical	False
DT_NewShopItem	Scar Grip Default	False
DT_NewShopItem	Scar Grip Tactical Black	False
DT_NewShopItem	Scar Grip Tactical FDE	False
DT_NewShopItem	AR15 Barrel Default Long	False
DT_NewShopItem	AR15 Barrel Default Short	False
DT_NewShopItem	FNFAL Barrel Tactical	False
DT_NewShopItem	FNFAL Grip Tactical	False
DT_NewShopItem	FNFAL Stock Tactical	False
DT_NewShopItem	AK47 Barrel Tactical Barrel	False
DT_NewShopItem	AK Grip Tactical	False
DT_NewShopItem	AK Stock Tactical Black	False
DT_NewShopItem	AK47 Barrel Default	False
DT_NewShopItem	AK47 Grip Default	False
DT_NewShopItem	AK47 Stock Default	False
DT_NewShopItem	AK Stock Tactical Grey	False
DT_NewShopItem	Flashlight baldr PRO Forest	False
DT_NewShopItem	Scar Stock Tactical Short	False
DT_NewShopItem	MPX Optic Default	False
DT_NewShopItem	MPX Upperbarrel Front Sight	False
DT_NewShopItem	MPX Stock Tactical Red	False
DT_NewShopItem	MPX Stock Tactical Black	False
DT_NewShopItem	MPX Stock Tactical Extended	False
DT_NewShopItem	M4A1 Grip Tactical Red	False
DT_NewShopItem	AK47 Barrel Tactical Black	False
DT_NewShopItem	MPX Muzzle FlashHider Annihilator	False
DT_NewShopItem	MPX Grip Default	False
DT_NewShopItem	Muzzle BANISH 45	False
DT_NewShopItem	MScorpion Stock Default Black	False
DT_NewShopItem	MScorpion Stock Default FDE	False
DT_NewShopItem	MScorpion Stock Default Gray	False
DT_NewShopItem	MScorpion Stock Default Olive	False
DT_NewShopItem	MScorpion Stock Default White	False
DT_NewShopItem	FNFAL Stock Tactical Long	False
DT_NewShopItem	MP9 Trigger Tactical	False
DT_NewShopItem	Muzzle AACBlackout FlashHider	False
DT_NewShopItem	MP7 Upperbarrel	False
DT_NewShopItem	MP7 Upperbarrel Pos2	False
DT_NewShopItem	MP7 Optic Default	False
DT_NewShopItem	MP7 Optic Default Pos 2	False
DT_NewShopItem	MP7 Stock Default	False
DT_NewShopItem	MP9 MP7 Muzzle	False
DT_NewShopItem	UMP Stock Default	False
DT_NewShopItem	UMP Grip Default	False
DT_NewShopItem	Glock9 Trigger Red	False
DT_NewShopItem	Glock9 Trigger White	False
DT_NewShopItem	Glock9 Trigger Black	False
DT_NewShopItem	MK47 Upperbarrel Front Sight	False
DT_NewShopItem	MK47 Optic Default	False
DT_NewShopItem	MK47 Optic Default C	False
DT_NewShopItem	Underbarrel BCM GUNFIGHTER Black	False
DT_NewShopItem	Flashlight baldr PRO Sand	False
DT_NewShopItem	Muzzle SilencerPurple	False
DT_NewShopItem	Underbarrel Picatinny	True
DT_NewShopItem	Optic Matech	False
DT_NewShopItem	Upperbarrel DD Fixed Sight	False
DT_NewShopItem	Weapons Optic Kac300	False
DT_NewShopItem	Upperbarrel Kac Sight Front	False
DT_NewShopItem	Optic Kac Sight Rear	False
DT_NewShopItem	Scar-H Magazine Default	False
DT_NewShopItem	AR15 Underbarrel	False
DT_NewShopItem	AR15 Grip Tactical	False
DT_NewShopItem	AR15 Grip Tactical Sand	False
DT_NewShopItem	AR15V2 Barrel Default	False
DT_NewShopItem	AR15V2 Barrel Default Sand	False
DT_NewShopItem	AR15 Magazine Default	False
DT_NewShopItem	AR15 Stock Default V2	False
DT_NewShopItem	AR15 Stock Default V2 Short	False
DT_NewShopItem	Stock MCXLVAW	False
DT_NewShopItem	Barrel LVAW	False
DT_NewShopItem	Scorpion Scorpion EVO3 Magazine Default	False
DT_NewShopItem	Scorpion EVO3 Magazine Default Short	False
DT_NewShopItem	Fostech Barrel Default	False
DT_NewShopItem	Fostech Grip Default	False
DT_NewShopItem	Fostech Stock Default	False
DT_NewShopItem	Fostech Magazine Default	False
DT_NewShopItem	Magazine BC5 Default	False
DT_NewShopItem	MP5 Stock Default	False
DT_NewShopItem	Fostech Upperbarrel Front Sight	False
DT_NewShopItem	UMP Magazine Default	False
DT_NewShopItem	Scar-H Magazine Soldier	False
DT_NewShopItem	M16A4 Barrel Default	False
DT_NewShopItem	M16A4 Grip Default	False
DT_NewShopItem	M16A4 Underbarrel	False
DT_NewShopItem	M16A4 Trigger Default	False
DT_NewShopItem	M16A4 Magazine Default	False
DT_NewShopItem	M16A4 Muzzle Default	False
DT_NewShopItem	AK RD-704 Magazine Default	False
DT_NewShopItem	RD-704 Trigger Default	True
DT_NewShopItem	FAL SA58 Magazine Default	True
DT_NewShopItem	FAL SA58X Magazine	True
DT_NewShopItem	AK47 Barrel Default Black	True
DT_NewShopItem	M16A4 Magazine Heavy	True
DT_NewShopItem	Laser Perst4	False
DT_NewShopItem	Flashlight Glock Underbarrel Surefire XVL2	False
DT_NewShopItem	Glock17 Magazine G1750rd Loading Dial	False
DT_NewShopItem	Glock17 Magazine G17 Basic Compact	False
DT_NewShopItem	Glock17 Magazine G17 Extension Strike Industries	False
DT_NewShopItem	Glock17 Magazine G17 Extension Taran Tactical	False
DT_NewShopItem	Glock17 Threaded Barrel Series Catalyst	False
DT_NewShopItem	Glock17 Threaded Barrel Series Strike Industries	False
DT_NewShopItem	Glock17 Threaded Barrel Series Zaffari	False
DT_NewShopItem	Glock Glock Series Optic	False
DT_NewShopItem	Glock Trigger Custom Basic	False
DT_NewShopItem	Glock Trigger Custom Hard	False
DT_NewShopItem	Glock Trigger Custom Soft	False
DT_NewShopItem	Glock Muzzle Rugged Obsedian	False
DT_NewShopItem	AK AKS74 Barrel	False
DT_NewShopItem	AKS74 Barrel Black	False
DT_NewShopItem	AKS74 Magazine	False
DT_NewShopItem	AKS74 Magazine Black	False
DT_NewShopItem	AKS74 Muzzle	False
DT_NewShopItem	AKS74 Stock	True
DT_NewShopItem	AK74M Stock	False
DT_NewShopItem	AKS74U Barrel	False
DT_NewShopItem	AKS74U Muzzle	False
DT_NewShopItem	Magazine Emag	False
DT_NewShopItem	Magazine X25 Drum Skeletonized	True
DT_NewShopItem	Magazine X25 Drum	True
DT_NewShopItem	Magazine X-2550 DRM Skeletonized	True
DT_NewShopItem	Muzzle SFH KP9	False
DT_NewShopItem	AR15 Magazine Double	False
DT_NewShopItem	Magazine CZ Translucent Blue	False
DT_NewShopItem	Magazine CZ Translucent White	False
DT_NewShopItem	CZ Grenadelaunchers Underbarrel	False
DT_NewShopItem	Stock Maxim Defense CQB Gen 6 Black	False
DT_NewShopItem	Stock Maxim Defense CQB Gen 6 GR	False
DT_NewShopItem	Stock Maxim Defense CQB Gen 6 Tan	False
DT_NewShopItem	AKS74U Barrel PP-19 Vityaz	False
DT_NewShopItem	AKS74U Barrel PP-19 Vityaz Naked	False
DT_NewShopItem	Grip PP-19Vityaz	False
DT_NewShopItem	Magazine PP-19 Vityaz	False
DT_NewShopItem	Muzzle PP-19Vityaz	False
DT_NewShopItem	Stock PP-19 Vityaz	False
DT_NewShopItem	Glock17 Magazine KCI50rnd	True
DT_NewShopItem	M4A1 Barrel Tactical Grey	False
DT_NewShopItem	AK47 Stock Default Dirty	False
DT_NewShopItem	M4A1 Grip Tactical Metal	False
DT_NewShopItem	Stock G28 adjustable	False
DT_NewShopItem	M16 G28 Barrel	True
DT_NewShopItem	Trigger G28	False
DT_NewShopItem	Muzzle G28 Flashhider Prolong	False
DT_NewShopItem	Grip G28	False
DT_NewShopItem	Magazine G28	False
DT_NewShopItem	Optic G28 Rear sight flip aim	False
DT_NewShopItem	Underbarrel G28 sider	False
DT_NewShopItem	Muzzle G28 BTQD	False
DT_NewShopItem	M16 G28 Barrel Patrol	False
DT_NewShopItem	Stock G28 patrol E2	False
DT_NewShopItem	Grip OMRG Green	False
DT_NewShopItem	Pistol grip hogue OMRG Green	False
DT_NewShopItem	Magazine R11 RSASS	False
DT_NewShopItem	Stock R11 RSASS	False
DT_NewShopItem	M16 Barrel R11RSASS	False
DT_NewShopItem	Canted Optic Iron Sight 5	True
DT_NewShopItem	Tenpoint Stealth Crossbow Forest	False
DT_NewShopItem	Tenpoint Stealth Crossbow Sand	False
DT_NewShopItem	Underbarrel CAA Tactical Front	False
DT_NewShopItem	Underbarrel Grippod FAB Defense	True
DT_NewShopItem	Underbarrel imi defense	False
DT_NewShopItem	Underbarrel KWA Front	False
DT_NewShopItem	Underbarrel Tango Down Stubby Vertical	False
DT_NewShopItem	AR AR10AR15 Tyrant Designs MOD	False
DT_NewShopItem	Underbarrel UTG CombatD	False
DT_NewShopItem	Underbarrel Zenith Vertical	True
DT_NewShopItem	Stock ACSL Carbine Tan	False
DT_NewShopItem	Stock ACSL Carbine Black	False
DT_NewShopItem	Stock ACSL Carbine Green	False
DT_NewShopItem	Magazine 762	False
DT_NewShopItem	Magazine 5x45	False
DT_NewShopItem	Magazine 75rnd	False
DT_NewShopItem	Magazine 9x19	True
DT_NewShopItem	AK47 Stock AKM Clean	False
DT_NewShopItem	AK47 StockAKMWorn	False
DT_NewShopItem	AK AKMS Stock	False
DT_NewShopItem	Stock AKS74u	False
DT_NewShopItem	AK47 Stock RPK	False
DT_NewShopItem	AK47 Barrel RPK	False
DT_NewShopItem	AK47 Barrel RPKM	False
DT_NewShopItem	AK47 Barrel RPKU	False
DT_NewShopItem	AR15 Stock Gray	False
DT_NewShopItem	Optic VSK Reflex	True
DT_NewShopItem	Flashlight SuperFire	False
DT_NewShopItem	Flashlight WM X200 Sand	False
DT_NewShopItem	Flashlight WM X200 Forest	False
DT_NewShopItem	Siderail surefire x400 Tactical Grey	False
DT_NewShopItem	Siderail surefire x400 Tactical Camo	False
DT_NewShopItem	Siderail surefire x400 Tactical Camo 01	False
DT_NewShopItem	Flashlight Siderail FFL-1 Grey	False
DT_NewShopItem	Flashlight Siderail FFL-1 Camo	False
DT_NewShopItem	Flashlight Siderail FFL-1 Camo 01	False
DT_NewShopItem	Underbarrel cobra tactical Desert	False
DT_NewShopItem	Underbarrel cobra tactical Mud	False
DT_NewShopItem	Underbarrel cobra tactical Dirt	False
DT_NewShopItem	Underbarrel cobra tactical Flow	False
DT_NewShopItem	Underbarrel cobra tactical Camo	False
DT_NewShopItem	Underbarrel cobra tactical Leaf	False
DT_NewShopItem	RaiderX Base Black	False
DT_NewShopItem	RaiderX Stock	False
DT_NewShopItem	RaiderX Slide	False
DT_NewShopItem	RaiderX Slide FDE	False
DT_NewShopItem	RaiderX Trigger	False
DT_NewShopItem	RaiderX Magazine	False
DT_NewShopItem	RaiderX Magazine FDE	False
DT_NewShopItem	Crossbow Trigger	False
DT_NewShopItem	M16A4 Default Black	False
DT_NewShopItem	M16A4 Magazine Default Red Tech	False
DT_NewShopItem	M16A4 Magazine Default GDR	False
DT_NewShopItem	M16A4 Magazine Default Snow	False
DT_NewShopItem	Muzzle M4SD Dark Pattern	False
DT_NewShopItem	Muzzle M4SD Red Tech	False
DT_NewShopItem	Muzzle M4SD Forest	False
DT_NewShopItem	Muzzle M4SD FDE	False
DT_NewShopItem	Barrel Iron Edge ESB	False
DT_NewShopItem	Barrel Iron Edge ETL	False
DT_NewShopItem	Barrel Edge Iron ETUL	False
DT_NewShopItem	Glock17 Magazine Iron Edge 15RN	True
DT_NewShopItem	Glock17 Magazine Iron Edge 19RN	True
DT_NewShopItem	Glock17 Magazine Iron Edge 30RN	False
DT_NewShopItem	Optic MOS ELOM-V1	True
DT_NewShopItem	Optic MOS RackerI GR-M1	True
DT_NewShopItem	Optic Red Dot Sight IETP-V1	False
DT_NewShopItem	Optic Red Dot Sight MOSIETP-V1	False
DT_NewShopItem	Muzzle SMS SHEX-S2	False
DT_NewShopItem	Muzzle SMS SHEX-S2 FDE	False
DT_NewShopItem	Optic Aimpoint ACRO P239 FDE	True
DT_NewShopItem	Optic Aimpoint ACRO P239 Black	True
DT_NewShopItem	Optic Aimpoint ACRO P2193 FDE	True
DT_NewShopItem	Optic Aimpoint ACRO P2193 Black	True
DT_NewShopItem	Canted Optic Leupold 45	False
DT_NewShopItem	Canted Optic Leupold 45 Sand	False
DT_NewShopItem	Muzzle Gunsilencer	False
DT_NewShopItem	Stock Magpul UBR Gen 2 buttstock	False
DT_NewShopItem	Bundle UMP Base Ticket To Hell	False
DT_NewShopItem	Underbarrel StrikeIndustries	False
DT_NewShopItem	Upperbarrel FBRadom Front sight	False
DT_NewShopItem	Upperbarrel FBRadom Rearsight	False
DT_NewShopItem	Grip Ultralight Series Gen2 Black	False
DT_NewShopItem	Grip Ultralight Series Gen2 Blue	False
DT_NewShopItem	Grip Ultralight Series Gen2 Bronze	False
DT_NewShopItem	Grip Ultralight Series Gen2 FDE	False
DT_NewShopItem	Grip Ultralight Series Gen2 Gold	False
DT_NewShopItem	Grip Ultralight Series Gen2 Gray	False
DT_NewShopItem	Grip Ultralight Series Gen2 Green	False
DT_NewShopItem	Grip Ultralight Series Gen2 Purple	False
DT_NewShopItem	Grip Ultralight Series Gen2 Red	False
DT_NewShopItem	Magazine L5AWM10	False
DT_NewShopItem	Magazine L5AWM10 FDE	False
DT_NewShopItem	Magazine L5AWM10D FDE	False
DT_NewShopItem	Magazine L5AWM20	False
DT_NewShopItem	Magazine L5AWM20 FDE	False
DT_NewShopItem	Magazine L5AWM20D FDE	False
DT_NewShopItem	Magazine L5AWM30	False
DT_NewShopItem	Magazine L5AWM30 FDE	False
DT_NewShopItem	Magazine L5AWM30D FDE	False
DT_NewShopItem	Optic Wilcox G33	True
DT_NewShopItem	Optic RETOTEC HWSXPS2 Regular FDE	False
DT_NewShopItem	Optic ACOG Rifle Scope	False
DT_NewShopItem	Magazine PMAGD60	False
DT_NewShopItem	Magazine PMAGD60 Draws	False
DT_NewShopItem	Muzzle Banish Speed KSilencer	False
DT_NewShopItem	Muzzle KAC Suppressor Black	False
DT_NewShopItem	Muzzle KAC Suppressor Tan	False
DT_NewShopItem	Optic Tasco Pro Point 1x42	False
DT_NewShopItem	Muzzle KGM R556A2	False
DT_NewShopItem	Muzzle QuickDetach	False
DT_NewShopItem	Optic Sig Sauer Echo3 Thermal Sight	False
DT_NewShopItem	Muzzle CGS Helios QD Titanium Silencer V1	False
DT_NewShopItem	Muzzle CGS Helios QD Titanium Silencer V2	False
DT_NewShopItem	Muzzle CGS Helios QD Titanium Silencer V4	False
DT_NewShopItem	Muzzle YHM Turbo T3	False
DT_NewShopItem	Muzzle BTRB S762 compact SF	False
DT_NewShopItem	AR15 Barrel Machined MLOK 7D Black	False
DT_NewShopItem	AR15 Barrel Machined MLOK 7D Blue	False
DT_NewShopItem	AR15 Barrel Machined MLOK 7D Gray	False
DT_NewShopItem	AR15 Barrel Machined MLOK 7D Green	False
DT_NewShopItem	AR15 Barrel Machined MLOK 7D Red	False
DT_NewShopItem	AR15 Barrel Machined MLOK 7D Tan	False
DT_NewShopItem	AR15 Barrel Machined MLOK 10D Black	False
DT_NewShopItem	AR15 Barrel Machined MLOK 10D Blue	False
DT_NewShopItem	AR15 Barrel Machined MLOK 10D Gray	False
DT_NewShopItem	AR15 Barrel Machined MLOK 10D Green	False
DT_NewShopItem	AR15 Barrel Machined MLOK 10D Red	False
DT_NewShopItem	AR15 Barrel Machined MLOK 10D Tan	False
DT_NewShopItem	AR15 Barrel Machined MLOK 10DBlack	False
DT_NewShopItem	Machined M LOK 12D Blue	False
DT_NewShopItem	AR15 Barrel Machined MLOK 12D Gray	False
DT_NewShopItem	AR15 Barrel Machined MLOK 12D Green	False
DT_NewShopItem	AR15 Barrel Machined MLOK 12D Red	False
DT_NewShopItem	AR15 Barrel Machined MLOK 12D Tan	False
DT_NewShopItem	AR15 Barrel Machined MLOK 15D Black	False
DT_NewShopItem	AR15 Barrel Machined MLOK 15D Blue	False
DT_NewShopItem	AR15 Barrel Machined MLOK 15D Gray	False
DT_NewShopItem	AR15 Barrel Machined MLOK 15D Green	False
DT_NewShopItem	AR15 Barrel Machined MLOK 15D Red	False
DT_NewShopItem	AR15 Barrel Machined MLOK 15D Tan	False
DT_NewShopItem	AR15 Barrel Machined MLOK 18D Black	False
DT_NewShopItem	AR15 Barrel Machined MLOK 18D Blue	False
DT_NewShopItem	AR15 Barrel Machined MLOK 18D Gray	False
DT_NewShopItem	AR15 Barrel Machined MLOK 18D Green	False
DT_NewShopItem	AR15 Barrel Machined MLOK 18D Red	False
DT_NewShopItem	AR15 Barrel Machined MLOK 18D Tan	False
DT_NewShopItem	Muzzle Dead Air Wolverine V1	False
DT_NewShopItem	Muzzle Dead Air Wolverine V2	False
DT_NewShopItem	Muzzle Silencer Co Velos LBP	False
DT_NewShopItem	Muzzle Silencer Co Velos LBP Gold	False
DT_NewShopItem	Muzzle Supressor Case Black	False
DT_NewShopItem	Muzzle Supressor Case Dust	False
DT_NewShopItem	Muzzle Supressor Case Military	False
DT_NewShopItem	Optic Wilcox BOSSXe	False
DT_NewShopItem	Siderail MAWL C1 LASER	False
DT_NewShopItem	Siderail MAWL C1 LASER FDE	False
DT_NewShopItem	Optic RDS Trijicon RMR Black	False
DT_NewShopItem	Optic RDS Trijicon RMR FDE	False
DT_NewShopItem	Upperbarrel DbalI2	False
DT_NewShopItem	Optic Valday Pk122	False
DT_NewShopItem	AKS74U Micro Draco Barrel	False
DT_NewShopItem	AKS74U MicroDracoBarrelGold	False
DT_NewShopItem	Stock Micro Draco	False
DT_NewShopItem	Stock Micro Draco Green	False
DT_NewShopItem	Stock Micro Draco White	False
DT_NewShopItem	Ammo 9mm Basic	False
DT_NewShopItem	Ammo 9mm FMJ	False
DT_NewShopItem	Ammo 9mm JHP	False
DT_NewShopItem	Ammo 9mm Tracer Green	False
DT_NewShopItem	MP5 Forearm dedicated	False
DT_NewShopItem	MP5 Forearm BC 5k	False
DT_NewShopItem	MP5 Forearm Sis	False
DT_NewShopItem	MP5 Forearm Sd	False
DT_NewShopItem	MP5 Forearm Slimline	False
DT_NewShopItem	MP5 Forearm Sp5k	False
DT_NewShopItem	MP5 Forearm Tropical	False
DT_NewShopItem	MP5 Forearm Vented	False
DT_NewShopItem	MP5 Forearm Protogrip	False
DT_NewShopItem	MP5 Forearm Wood	False
DT_NewShopItem	Magazine 15curved	True
DT_NewShopItem	Magazine 30curved	False
DT_NewShopItem	Magazine 30waffle	False
DT_NewShopItem	Magazine cdrum	True
DT_NewShopItem	MP5 Stock receiver cap	False
DT_NewShopItem	Stock fixed	False
DT_NewShopItem	Stock folding	False
DT_NewShopItem	Stock retractable	False
DT_NewShopItem	Stock Wood	False
DT_NewShopItem	MP5 Grip Trigger Group Navy	False
DT_NewShopItem	MP5 Grip Trigger Group Sef	False
DT_NewShopItem	MP5 Muzzle Silencer	False
DT_NewShopItem	Mossberg590 Stock Magpul UBR Gen 2 buttstock	True
DT_NewShopItem	Mossberg590 Barrel Front Sight Sight	False
DT_NewShopItem	Mossberg590 Barrel Front Sight Naked	False
DT_NewShopItem	Mossberg590 Barrel Front Sight Rail	False
DT_NewShopItem	Mossberg590 Barrel Short	False
DT_NewShopItem	Mossberg590 Stock Mesa tactical stock adapter low	True
DT_NewShopItem	Mossberg590 Stock SG Abutt	False
DT_NewShopItem	Mossberg590 Trigger Low	False
DT_NewShopItem	Muzzle Salvo12	False
DT_NewShopItem	Flashlight WM X200	False
DT_NewShopItem	Grip Tactical Dynamics Skeletonized Low	False
DT_NewShopItem	Benellim2 Barrel Naked	False
DT_NewShopItem	Benellim2 Barrel Rail	False
DT_NewShopItem	Benellim2 Barrel Sight	False
DT_NewShopItem	Benellim2 Trigger Receiver	False
DT_NewShopItem	Benellim2 Stock	False
DT_NewShopItem	SR25 Barrel	False
DT_NewShopItem	SR25 Trigger	False
DT_NewShopItem	M16 SR25 Underbarrel AFG	False
DT_NewShopItem	SR25 Muuzle KACPRS Flashhider	False
DT_NewShopItem	SR25 Magazine	False
DT_NewShopItem	SR25 Sniper Optic Scopemount 30mm	False
DT_NewShopItem	SR25 Stock	False
DT_NewShopItem	Sniper Optic Reiflescope Hensoldt FF	False
DT_NewShopItem	Barrel Sword Mk18 Mjolnir	False
DT_NewShopItem	Trigger SWORD Mk18 Mjolnir	False
DT_NewShopItem	Magazine SWORD Mk18 Mjolnir	False
DT_NewShopItem	Underbarrel SWORD Mk18 Mjolnir	False
DT_NewShopItem	Stock SWORD Mk18 Mjolnir	False
DT_NewShopItem	Glock Mag G17 Basic Compact	False
DT_NewShopItem	M16 M203 30 Magazine Round	False
DT_NewShopItem	M16 M203 Barrel 01	False
DT_NewShopItem	M16 M203 Barrel 02	False
DT_NewShopItem	M16 M203 Trigger	False
DT_NewShopItem	M16 M203 Grip	False
DT_NewShopItem	M16 M203 Muzzle 01	False
DT_NewShopItem	Stock M16 M203 02	False
DT_NewShopItem	Stock M16	False
DT_NewShopItem	M16 M203 Rail Optic Carry Handle Scope	True
DT_NewShopItem	AR AR15A1 Barrel	False
DT_NewShopItem	AR15A1 Barrel 01	False
DT_NewShopItem	AR15A1 Barrel 02	False
DT_NewShopItem	AR15A1 Barrel 03	False
DT_NewShopItem	Stock M4 13	False
DT_NewShopItem	MP9 Brugger Thomet Barrel	False
DT_NewShopItem	MP9 Magazine Brugger Thomet	False
DT_NewShopItem	MP9 Magazine Brugger Thomet Transparent	True
DT_NewShopItem	Siderail Surefire X300V	False
DT_NewShopItem	Charm Cube Pendant	False
DT_NewShopItem	Charm Fpv Pendant	False
DT_NewShopItem	Charm Golden Ball Pendant	False
DT_NewShopItem	Charm Gyroscope Pendant	False
DT_NewShopItem	Charm Pendant 8 Gauge Red	False
DT_NewShopItem	Sticker Bodycam Logo	False
DT_NewShopItem	Sticker Bodycam Logo BNW	False
DT_NewShopItem	Sticker Bodycam Logo Gold	False
DT_NewShopItem	Sticker Bodycam Logo BNW Holographic	False
DT_NewShopItem	Sticker Bodycam Logo Gold Holographic	False
DT_NewShopItem	Sticker Bodycam Logo Negative Holographic	False
DT_NewShopItem	Sticker Strong Language	False
DT_NewShopItem	Sticker Pepe Shooter	False
DT_NewShopItem	Sticker NoChild	False
DT_NewShopItem	Sticker RedCard	False
DT_NewShopItem	Sticker Duck With A Knife	False
DT_NewShopItem	Sticker MaleTears	False
DT_NewShopItem	Sticker Panic	False
DT_NewShopItem	Sticker Clementine	False
DT_NewShopItem	Sticker Dogo With A Gun	False
DT_NewShopItem	Sticker Parental Advisory	False
DT_NewShopItem	Sticker This Is Fine End	False
DT_NewShopItem	Sticker New Guy	False
DT_NewShopItem	Sticker Le Crouassannnt	False
DT_NewShopItem	Sticker AAAAH	False
DT_NewShopItem	Sticker The Original	False
DT_NewShopItem	Sticker Pew Pew	False
DT_NewShopItem	Sticker Limited Edition	False
DT_NewShopItem	Sticker The Sun Smile	False
DT_NewShopItem	Sticker Fragile	False
DT_NewShopItem	Sticker No AK	False
DT_NewShopItem	Sticker Bomba	True
DT_NewShopItem	Sticker Happy Guy	False
DT_NewShopItem	Sticker Do Not Touch	False
DT_NewShopItem	Sticker Life	False
DT_NewShopItem	Sticker Frogy	False
DT_NewShopItem	Sticker To Be Continued	False
DT_NewShopItem	Sticker Im Not A Robot	False
DT_NewShopItem	Sticker Reissad Logo	False
DT_NewShopItem	Sticker Skull Mask	False
DT_NewShopItem	Sticker Anarchy	False
DT_NewShopItem	Sticker Happy Or Not?	False
DT_NewShopItem	Sticker Gore	False
DT_NewShopItem	Sticker Usa Flag	False
DT_NewShopItem	Sticker Paramedic	False
DT_NewShopItem	Sticker Emblem Eagle	False
DT_NewShopItem	Sticker Yin And Yang	False
DT_NewShopItem	Sticker Kick Me	False
DT_NewShopItem	Sticker Libellule	False
DT_NewShopItem	Sticker Gir lwith nice hair	False
DT_NewShopItem	Sticker Skull Head Fire	False
DT_NewShopItem	Money Time	False
DT_NewShopItem	Sticker Skull Draw	False
DT_NewShopItem	Sticker Ghost	False
DT_NewShopItem	Sticker Gloves	False
DT_NewShopItem	Sticker Tears	False
DT_NewShopItem	Sticker Red Team	False
DT_NewShopItem	Sticker mama says im special	False
DT_NewShopItem	Sticker Green Team	False
DT_NewShopItem	Sticker Smiley With a hole	False
DT_NewShopItem	Sticker Banana Mag	False
DT_NewShopItem	Sticker Ranch	False
DT_NewShopItem	Sticker Paramedic Team	False
DT_NewShopItem	Sticker Grade	False
DT_NewShopItem	Sticker Dontpanic	False
DT_NewShopItem	Sticker France	False
DT_NewShopItem	Sticker Alien	False
DT_NewShopItem	Sticker Egirl	False
DT_NewShopItem	Sticker F35	False
DT_NewShopItem	Sticker Become Death	False
DT_NewShopItem	Sticker Im too old for this shit	False
DT_NewShopItem	Sticker Liberta	False
DT_NewShopItem	Sticker 4 of clubs	False
DT_NewShopItem	Sticker Molotov	False
DT_NewShopItem	Sticker Nuclear	False
DT_NewShopItem	Sticker Zombie Virus	False
DT_NewShopItem	StickerLet Me think	False
DT_NewShopItem	Sticker Toxic	False
DT_NewShopItem	Sticker Boo	False
DT_NewShopItem	Sticker Skull Fuck	False
DT_NewShopItem	Sticker UFO	False
DT_NewShopItem	Sticker Crime Scene	False
DT_NewShopItem	Dark Heart	False
DT_NewShopItem	Sticker Panda	False
DT_NewShopItem	Sticker Where Is The Bomb ?	False
DT_NewShopItem	Sticker Lighter	False
DT_NewShopItem	Sticker piracy	False
DT_NewShopItem	Sticker McRnd	False
DT_NewShopItem	Mossberg590 Stock 1 Plastic	False
DT_NewShopItem	Mossberg590 Stock 1 Wood	False
DT_NewShopItem	Mossberg590 Stock 2	False
DT_NewShopItem	Mossberg590 Stock Pistol Grip 1 Plastic	False
DT_NewShopItem	Mossberg590 Stock Pistol Grip 2 Plastic	False
DT_NewShopItem	Mossberg590 Stock Pistol Grip 2 Wood	False
DT_NewShopItem	Mossberg590 Pump Forearm 3	False
DT_NewShopItem	Mossberg590 Pump Forearm 1 Plastic	False
DT_NewShopItem	Mossberg590 Pump Forearm 1 Wood	False
DT_NewShopItem	Mossberg590 Pump Forearm 2	True
DT_NewShopItem	Mossberg590 Fabarm Barrel 1	True
DT_NewShopItem	Mossberg590 Fabarm Barrel 2	True
DT_NewShopItem	Mossberg590 Stock Fabarm Stock	False
DT_NewShopItem	Mossberg590 Fabarm Auto Barrel 01	True
DT_NewShopItem	Mossberg590 Fabarm Auto Barrel Gold	True
DT_NewShopItem	MP5 FabarmAuto Muzzle 01	False
DT_NewShopItem	Mossberg590 Stock Fabarm Auto 01	False
DT_NewShopItem	Sticker Boogie	False
DT_NewShopItem	Sticker BBL	False
DT_NewShopItem	Sticker shex	False
DT_NewShopItem	Tec9 Tec9 Magazine	False
DT_NewShopItem	Tec9 Tec9 Trigger	False
DT_NewShopItem	Sticker Pray	False
DT_NewShopItem	Sticker Cry	False
DT_NewShopItem	Sticker No Case	False
DT_NewShopItem	Sticker Shhhtt	False
DT_NewShopItem	Sticker Wierd love	False
DT_NewShopItem	Sticker Crossair	False
DT_NewShopItem	Sticker RIP	False
DT_NewShopItem	Sticker Mind Control	False
DT_NewShopItem	Sticker robber	False
DT_NewShopItem	Sticker Molo	False
DT_NewShopItem	Sticker Molo holographic	False
DT_NewShopItem	Sticker Friendly ??	False
DT_NewShopItem	Sticker X-rays	False
DT_NewShopItem	Sticker trespassing	False
DT_NewShopItem	Sticker Little One	False
DT_NewShopItem	Sticker Little One holographic	False
DT_NewShopItem	Sticker Thermal	False
DT_NewShopItem	Sticker brass knuckles	False
DT_NewShopItem	Sticker bite	False
DT_NewShopItem	Sticker Spider	False
DT_NewShopItem	Sticker Moving target	False
DT_NewShopItem	Sticker OPos	False
DT_NewShopItem	Sticker Pink Skull	False
DT_NewShopItem	Sticker Good Life	False
DT_NewShopItem	Sticker Airsoft Rainbow	False
DT_NewShopItem	Sticker Biting	False
DT_NewShopItem	Sticker Venomous	False
DT_NewShopItem	Sticker Death from above	False
DT_NewShopItem	Sticker Gaz	False
DT_NewShopItem	Sticker Not Today	False
DT_NewShopItem	Sticker Bulging	False
DT_NewShopItem	Sticker Aberration	False
DT_NewShopItem	Sticker Medic	False
DT_NewShopItem	Sticker No Time	False
DT_NewShopItem	Sticker Target	False
DT_NewShopItem	CZ CZ-P-09 Slide	False
DT_NewShopItem	CZ-P-09 Trigger	False
DT_NewShopItem	Magazine CZ-P-09	False
DT_NewShopItem	CZ-P-09 Optic	False
DT_NewShopItem	CZ-P-09 Flashlight	False
DT_NewShopItem	Scorpion EVO3 Barrel	False
DT_NewShopItem	Scorpion EVO3 Trigger	False
DT_NewShopItem	Scorpion EVO3 Grip	False
DT_NewShopItem	Scorpion EVO3 Iron Frontsight	False
DT_NewShopItem	Scorpion EVO3 Optic Iron	False
DT_NewShopItem	Scorpion EVO3 Magazine	False
DT_NewShopItem	Scorpion EVO3 Base Black	False
DT_NewShopItem	Scorpion EVO3 Base FDE	False
DT_NewShopItem	Scorpion EVO3 Base Green	False
DT_NewShopItem	Scorpion EVO3 Base White	False
DT_NewShopItem	Scorpion EVO3 Barrel Black	False
DT_NewShopItem	Scorpion EVO3 Barrel FDE	False
DT_NewShopItem	Scorpion EVO3 Barrel Green	False
DT_NewShopItem	Scorpion EVO3 Barrel White	False
DT_NewShopItem	Scorpion EVO3 Grip Black	False
DT_NewShopItem	Scorpion EVO3 Grip FDE	False
DT_NewShopItem	Scorpion EVO3 Grip Green	False
DT_NewShopItem	Scorpion EVO3 Grip White	False
DT_NewShopItem	Kriss Vector BaseBlack	False
DT_NewShopItem	Kriss Vector Base Green	False
DT_NewShopItem	Kriss Vector Base FDE	False
DT_NewShopItem	Kriss Vector Base white	False
DT_NewShopItem	Kriss Vector Stock	False
DT_NewShopItem	Kriss Vector Stock Green	False
DT_NewShopItem	Kriss Vector Stock FDE	False
DT_NewShopItem	Kriss Vector Stock white	False
DT_NewShopItem	Kriss Vector Trigger	False
DT_NewShopItem	MP9 Base Green	False
DT_NewShopItem	MP9 Base Tan	False
DT_NewShopItem	MP9 Trigger	False
DT_NewShopItem	MP9 Stock	False
DT_NewShopItem	Grip magpul miad	False
DT_NewShopItem	Sniper Optic Scopeleupold 4x20	False
DT_NewShopItem	Sniper Optic Scopepso 6x36	True
DT_NewShopItem	Dragunov Stock ar15 mag pul ctr	True
DT_NewShopItem	Muzzle 43762x54r	True
DT_NewShopItem	SVD Trigger Tiger	False
DT_NewShopItem	SVD Underbarrel Tiger	False
DT_NewShopItem	SVD Magazine	False
DT_NewShopItem	UMP Base FDE	False
DT_NewShopItem	UMP Base Green	False
DT_NewShopItem	Benellim2 Trigger Gold	False
DT_NewShopItem	Drop The Mic	False
DT_NewShopItem	Xray Middle	False
DT_NewShopItem	FlashLight TacLight Klesh	False
DT_NewShopItem	Sticker Egun	False
DT_NewShopItem	FNFAL Barrel Tactical 1	False
DT_NewShopItem	FNFAL Trigger Tactical	False
DT_NewShopItem	FNFAL Muzzle Tactical	False
DT_NewShopItem	FNFALTactical Stock	False
DT_NewShopItem	FNFAL Barrel Para	False
DT_NewShopItem	FNFAL Stock Para	False
DT_NewShopItem	FNFAL Barrel	False
DT_NewShopItem	FNFAL Grip Default	False
DT_NewShopItem	FNFAL Magazine Long	True
DT_NewShopItem	FNFAL Magazine Medium	True
DT_NewShopItem	FNFAL Magazine Small	False
DT_NewShopItem	FNFAL Muzzle	False
DT_NewShopItem	FNFAL Stock	False
DT_NewShopItem	Dragunov Stock SVD ar15mag pul ctr	True
DT_NewShopItem	Dragunov Stock SVD tiger	False
DT_NewShopItem	SVD Muzzle Flash Hider	False
DT_NewShopItem	SVD Barrel Fullgrip	False
DT_NewShopItem	SVD Barrel Handguard	False
DT_NewShopItem	SVD Barrel Handguard Polymer Black	False
DT_NewShopItem	SVD Barrel Handguard Polymer Gold	False
DT_NewShopItem	SVD Barrel Handguard Polymer Green	False
DT_NewShopItem	SVD Barrel Handguard Blue	False
DT_NewShopItem	SVD Barrel Handguard Red	False
DT_NewShopItem	Kriss Vector Base Decal	False
DT_NewShopItem	Kriss Vector Base Camo	False
DT_NewShopItem	Kriss Vector Base Blood	False
DT_NewShopItem	Kriss Vector Base Snow	False
DT_NewShopItem	Glock17 Magazine KCI50rnd Snow	True
DT_NewShopItem	Kriss Vector Stock decal	False
DT_NewShopItem	Kriss Vector Stock Snow	False
DT_NewShopItem	Kriss Vector Stock Blood	False
DT_NewShopItem	Kriss Vector Stock Leaf	False
DT_NewShopItem	Sticker Fatal Error 0	False
DT_NewShopItem	Sniper Optic Ajack Scope	False
DT_NewShopItem	Optic Burris Fast Fire 3	False
DT_NewShopItem	Optic Burris Fast Fire C	False
DT_NewShopItem	Sniper Optic Burris XTR 14	False
DT_NewShopItem	Sniper Optic RETOTEC Vudu 6X24	False
DT_NewShopItem	Optic F8815X V1	False
DT_NewShopItem	Optic F8815X V2	False
DT_NewShopItem	Sniper Optic G3SG1 Scope	True
DT_NewShopItem	Optic Hensoldt 15X	True
DT_NewShopItem	Optic Holosun Reflex	False
DT_NewShopItem	Optic Iron Sight 1 Mount	False
DT_NewShopItem	Optic Iron Sight 2	False
DT_NewShopItem	Optic Iron Sight 3	False
DT_NewShopItem	Upperbarrel Iron Sight 4 FrontSight Black	False
DT_NewShopItem	Upperbarrel Iron Sight 4 FrontSight Tan	False
DT_NewShopItem	Canted Optic Leupold 45 Blue	False
DT_NewShopItem	Canted Optic Leupold 45 Forest	False
DT_NewShopItem	Canted Optic Leupold 45 Red	False
DT_NewShopItem	Upperbarrel Iron Sight 6 FrontSight	False
DT_NewShopItem	Upperbarrel Iron Sight 8 Front	False
DT_NewShopItem	Upperbarrel Iron Sight 9 Front	False
DT_NewShopItem	Optic Iron Sight 9	False
DT_NewShopItem	Sniper Optic Leupold RDS	False
DT_NewShopItem	M4 Rail Optic M4 Carry Handle	False
DT_NewShopItem	M16 M20 Optic 3 Rear Sight	True
DT_NewShopItem	Optic Micro Sight Glock	True
DT_NewShopItem	Optic RDS Reflex	False
DT_NewShopItem	Sniper Optic Schmidt Bender	False
DT_NewShopItem	Optic Sight 2 Rear Sight	True
DT_NewShopItem	Optic Trijicon MRO	False
DT_NewShopItem	Optic Trijicon Reflex	False
DT_NewShopItem	AR15 Magazine Simple	False
DT_NewShopItem	AKS74U Trigger	False
DT_NewShopItem	AKS74U Grip	False
DT_NewShopItem	AKS74U Magazine	False
DT_NewShopItem	AKS74U Stock	False
DT_NewShopItem	Barrel evac	True
DT_NewShopItem	Magazine Evacmag	False
DT_NewShopItem	Optic Evacoptic	True
DT_NewShopItem	Upperbarrel evac sight	False
DT_NewShopItem	Stock evac	False
DT_NewShopItem	Barrel PDW	True
DT_NewShopItem	PDW Trigger	False
DT_NewShopItem	Grip PDW	False
DT_NewShopItem	Magazine PDW	False
DT_NewShopItem	Optic PDW	False
DT_NewShopItem	Stock PDW	False
DT_NewShopItem	Magazine AR30810 Round	False
DT_NewShopItem	Magazine AR30820 Round	False
DT_NewShopItem	AR15 Magazine A120 Round	False
DT_NewShopItem	Underbarrel BipodGrip	False
DT_NewShopItem	M4 Barrel Handguard 1	False
DT_NewShopItem	M4 Barrel Handguard 2	False
DT_NewShopItem	M4 Barrel Handguard 3	False
DT_NewShopItem	M4 Barrel Handguard Short 1	False
DT_NewShopItem	M4 Barrel Handguard Short 2	False
DT_NewShopItem	M4 Barrel Handguard 5	False
DT_NewShopItem	M4 Barrel Handguard 9	False
DT_NewShopItem	M4 Barrel Handguard 10	False
DT_NewShopItem	M4 Barrel Handguard 11	False
DT_NewShopItem	M4 Barrel Handguard 12	False
DT_NewShopItem	M4 Barrel Handguard 15	False
DT_NewShopItem	M4 Barrel Handguard 17	False
DT_NewShopItem	M4 Barrel MLOK Handguard	False
DT_NewShopItem	M4 Grip Pistol 09	False
DT_NewShopItem	M4 Grip Pistol 10	False
DT_NewShopItem	M4 Stock 1	False
DT_NewShopItem	M4 Stock 2	False
DT_NewShopItem	M4 Stock 2 Blue	False
DT_NewShopItem	M4 Stock 2 Yellow	False
DT_NewShopItem	M4 Stock 4	False
DT_NewShopItem	M4 Stock 5	False
DT_NewShopItem	M4 Stock 6	False
DT_NewShopItem	M4 Stock 7	False
DT_NewShopItem	M4 Stock 8	False
DT_NewShopItem	M4 Stock 9	False
DT_NewShopItem	M4 Stock10	False
DT_NewShopItem	M4 Stock 12	False
DT_NewShopItem	M4 Stock 14	False
DT_NewShopItem	Dragunov Magazine G310 Round	False
DT_NewShopItem	Dragunov Magazine G320 Round	True
DT_NewShopItem	Dragunov Magazine G320 Round bis	True
DT_NewShopItem	Dragunov Magazine G330 Round	True
DT_NewShopItem	Barrel G3 Handguard 1 Black	False
DT_NewShopItem	Barrel G3 Handguard 1 Green	False
DT_NewShopItem	Barrel G3 Handguard 2	False
DT_NewShopItem	Barrel G3 Handguard 3	False
DT_NewShopItem	Barrel G3 Handguard 4	False
DT_NewShopItem	Barrel G3 Handguard 5	False
DT_NewShopItem	Barrel G3 Handguard 6	False
DT_NewShopItem	Barrel G3 Handguard 7	False
DT_NewShopItem	Pistol grip hogue OMRG	False
DT_NewShopItem	Stock G3 1	True
DT_NewShopItem	Stock G3 1 Green	True
DT_NewShopItem	Stock G3 2	True
DT_NewShopItem	Stock G3 3	False
DT_NewShopItem	Stock G3 4	False
DT_NewShopItem	Stock G3 5	True
DT_NewShopItem	M4A1 Stock Joker	False
DT_NewShopItem	M4A1 Barrel Joker	False
DT_NewShopItem	M4A1 Grip Joker	False
DT_NewShopItem	M4A1 Rail Optic Joker	False
DT_NewShopItem	M4A1 Trigger Joker	False
DT_NewShopItem	MP5 Base Wooden	False
DT_NewShopItem	MP5 Grip Wooden	False
DT_NewShopItem	MP5 Stock Wooden	False
DT_NewShopItem	FNFAL Stock Bone	False
DT_NewShopItem	Sticker robber holographic	False
DT_NewShopItem	AK47 Stock Bandage	False
DT_NewShopItem	AK47 Base Bandage	False
DT_NewShopItem	Mossberg590 Base Drawing	False
DT_NewShopItem	Mossberg590 Drawing Barrel	False
DT_NewShopItem	Mossberg590 Stock Drawing	False
DT_NewShopItem	Mossberg590 Pump Drawing	False
DT_NewShopItem	AK47 Grip Bandage	False
DT_NewShopItem	AK47 Base Asimov	False
DT_NewShopItem	AK47 Barrel Asimov	False
DT_NewShopItem	AK47 Grip Asimov	False
DT_NewShopItem	AK47 Stock Asimov	False
DT_NewShopItem	AK47 Base CrimeScene	False
DT_NewShopItem	AK47 Barrel CrimeScene	False
DT_NewShopItem	AK47 Grip CrimeScene	False
DT_NewShopItem	AK47 Stock Crime Scene	False
DT_NewShopItem	AK47 Base Iridescent	False
DT_NewShopItem	AK47 Trigger Iridescent	False
DT_NewShopItem	AK47 Grip Iridescent	False
DT_NewShopItem	AK47 Barrel Iridescent	False
DT_NewShopItem	AK47 Barrel Bloodymary	False
DT_NewShopItem	AK47 Stock Bloodymary	False
DT_NewShopItem	AK47 Magazine Bloodymary	False
DT_NewShopItem	AK47 Grip Bloodymary	False
DT_NewShopItem	AK47 Base Reliable	False
DT_NewShopItem	AKS74U Muzzle Reliable	False
DT_NewShopItem	AK47 Grip Reliable	False
DT_NewShopItem	AK47 Base Shadow	False
DT_NewShopItem	AK47 Barrel Shadow	False
DT_NewShopItem	AK47 Grip Shadow	False
DT_NewShopItem	AK47 Stock Shadow	False
DT_NewShopItem	AK47 Base Western Red	False
DT_NewShopItem	AK47 Barrel WesternRed	False
DT_NewShopItem	AK47 Grip WesternRed	False
DT_NewShopItem	AK47 Stock Western Red	False
DT_NewShopItem	AK47 Base Western White	False
DT_NewShopItem	AK47 Barrel WesternWhite	False
DT_NewShopItem	AK47 Grip WesternWhite	False
DT_NewShopItem	AK47 Stock Western White	False
DT_NewShopItem	AK47 Base Western Black	False
DT_NewShopItem	AK47 Barrel WesternBlack	False
DT_NewShopItem	AK47 Grip WesternBlack	False
DT_NewShopItem	AK47 Stock Western Black	False
DT_NewShopItem	AK47 Base IFriee	False
DT_NewShopItem	AK47 Barrel IFriee	False
DT_NewShopItem	AK47 Magazine Asimov	False
DT_NewShopItem	AK47 Magazine Crime Scene	False
DT_NewShopItem	M4A1 Base Receiver Asimov	False
DT_NewShopItem	M4A1 Barrel Asimov	False
DT_NewShopItem	M4A1 Grip Asimov	False
DT_NewShopItem	M4A1 Rail Optic Asimov	False
DT_NewShopItem	M4A1 Stock Asimov	False
DT_NewShopItem	M4A1 Trigger Asimov	False
DT_NewShopItem	M4A1 Base Receiver Splinter Night	False
DT_NewShopItem	M4A1 Barrel Splinter Night	False
DT_NewShopItem	M4A1 Grip Splinter Night	False
DT_NewShopItem	M4A1 Rail Optic Splinter Night	False
DT_NewShopItem	M4A1 Stock Splinter Night	False
DT_NewShopItem	M4A1 Trigger SplinterNight	False
DT_NewShopItem	M4A1 Base Receiver Ticket To Hell	False
DT_NewShopItem	M4A1 Barrel TicketToHell	False
DT_NewShopItem	M4A1 Grip TicketToHell	False
DT_NewShopItem	M4A1 Stock Ticket To Hell	False
DT_NewShopItem	M4A1 Trigger TicketToHell	False
DT_NewShopItem	M4A1 Base French Patriot	False
DT_NewShopItem	M4A1 Barrel French Patriot	False
DT_NewShopItem	M4A1 Grip FrenchPatriot	False
DT_NewShopItem	M4A1 Rail Optic French Patriot	False
DT_NewShopItem	M4A1 Stock French Patriot	False
DT_NewShopItem	M4A1 Base BCPD	False
DT_NewShopItem	M4A1 Barrel BCPD	False
DT_NewShopItem	M4A1 Grip BCPD	False
DT_NewShopItem	M4A1 Rail Optic BCPD	False
DT_NewShopItem	M4A1 Stock BCPD	False
DT_NewShopItem	M4A1 Base Western	False
DT_NewShopItem	M4A1 Barrel Western	False
DT_NewShopItem	M4A1 Grip Western	False
DT_NewShopItem	M4A1 Rail Optic Western	False
DT_NewShopItem	M4A1 Stock Western	False
DT_NewShopItem	Scar-H Barrel Soldier	False
DT_NewShopItem	Scar-H Barrel Ticket To Hell	False
DT_NewShopItem	Scar-H Base Crime Scene	False
DT_NewShopItem	Scar Grip CrimeScene	False
DT_NewShopItem	Scar-H Stock Crime Scene	False
DT_NewShopItem	Scar-H Base Abstract	False
DT_NewShopItem	Scar-H Stock Abstract	False
DT_NewShopItem	Scar-H Base Ticket To Hell	False
DT_NewShopItem	Scar Grip TicketToHell	False
DT_NewShopItem	Scar-H Stock Ticket To Hell	False
DT_NewShopItem	Scar-H Base Soldier	False
DT_NewShopItem	Scar Grip Soldier	False
DT_NewShopItem	Scar-H Stock Soldier	False
DT_NewShopItem	Fostech Base Chroma	False
DT_NewShopItem	Fostech Barrel Chroma	False
DT_NewShopItem	Fostech Grip Chroma	False
DT_NewShopItem	Fostech Stock Chroma	False
DT_NewShopItem	Fostech Base Leopard	False
DT_NewShopItem	Fostech Barrel Leopard	False
DT_NewShopItem	Fostech Grip Leopard	False
DT_NewShopItem	Fostech Stock Leopard	False
DT_NewShopItem	Fostech Base Soldier	False
DT_NewShopItem	Fostech Barrel Soldier	False
DT_NewShopItem	Fostech Grip Soldier	False
DT_NewShopItem	Fostech Stock Soldier	False
DT_NewShopItem	Fostech Base Dirty	False
DT_NewShopItem	Fostech Barrel Dirty	False
DT_NewShopItem	Fostech Grip Dirty	False
DT_NewShopItem	Fostech Stock Dirty	False
DT_NewShopItem	Mossberg590 Base Dirty	False
DT_NewShopItem	Mossberg590 Dirty Barrel	False
DT_NewShopItem	Mossberg590 Pump Dirty	False
DT_NewShopItem	UMP Base Ticket To Hell	False
DT_NewShopItem	UMP Stock Ticket To Hell	False
DT_NewShopItem	UMP Grip TicketToHell	False
DT_NewShopItem	UMP Base Ifriee	False
DT_NewShopItem	UMP Stock Ifriee	False
DT_NewShopItem	UMP Base Dirty	False
DT_NewShopItem	UMP Stock Dirty	False
DT_NewShopItem	UMP Grip Dirty	False
DT_NewShopItem	AR15V2 Stock Anime	False
DT_NewShopItem	AR15 Magazine Default Anime	False
DT_NewShopItem	AR15 Grip Tactical Anime	False
DT_NewShopItem	AR15 Base Anime	False
DT_NewShopItem	AR15V2 Barrel Anime	False
DT_NewShopItem	Bundle AR15 Base Anime	False
DT_NewShopItem	M16A4 Muzzle Anime	False
DT_NewShopItem	Optic Iron Sight 1 Rear Mount Anime	False
DT_NewShopItem	Upperbarrel Kac Anime	False
DT_NewShopItem	Trigger G28 Anime	False
DT_NewShopItem	Charm Pendant Smoke	False
DT_NewShopItem	Charm Ammo Pendant	False
DT_NewShopItem	Charm Ammo Pendant 2	False
DT_NewShopItem	Charm Card Operator Pendant	False
DT_NewShopItem	Charm Silver AK Pendant	False
DT_NewShopItem	AK47 Magazine Iridescent	False
DT_NewShopItem	AK47 Stock Iridescent	False
DT_NewShopItem	Trigger PDW Iridescent	False
DT_NewShopItem	Magazine CZ Translucent Orange	False
DT_NewShopItem	Magazine CZ Translucent Rouge	False
DT_NewShopItem	Magazine CZ Translucent Green	False
DT_NewShopItem	Glock17 Trigger Ifriee	False
DT_NewShopItem	Folding Base Receiver	False
DT_NewShopItem	Glock Series Slide Catalyst	False
DT_NewShopItem	Glock Series Slide Strike Industries	False
DT_NewShopItem	Glock Series Slide Zaffari	False
DT_NewShopItem	Glock17 Slide Default	False
DT_NewShopItem	Glock17 Slide Ifriee	False
DT_NewShopItem	Glock17 Threaded Barrel Default	False
DT_NewShopItem	Slide EMS-V1	False
DT_NewShopItem	Slide EMS-V1 Tan	False
DT_NewShopItem	Slide ESS-G1	False
DT_NewShopItem	Slide ESS-G1 Grey	False
DT_NewShopItem	Slide ESS-G1 Tan	False
DT_NewShopItem	Slide EVS-V2	False
DT_NewShopItem	Slide EVS-V2 Tan	False
DT_NewShopItem	M4A1 Base Receiver	False
DT_NewShopItem	Glock17 Base Receiver	False
DT_NewShopItem	Scar-H Base Receiver	False
DT_NewShopItem	FNFAL Base Receiver	False
DT_NewShopItem	Kriss Vector Base Receiver	False
DT_NewShopItem	MP5 Base Receiver	False
DT_NewShopItem	Dragunov Base Receiver	False
DT_NewShopItem	MP9 Base Receiver	False
DT_NewShopItem	Scorpion EVO3 Base Receiver	False
DT_NewShopItem	CZ-P-09 BaseReceiver	False
DT_NewShopItem	Tec9 Tec9 Base Receiver	False
DT_NewShopItem	Benelli Benelli BaseReceiver	False
DT_NewShopItem	RaiderX Base Receiver	False
DT_NewShopItem	Tenpoint Stealth Crossbow BaseReceiver	False
DT_NewShopItem	Uzi Base Receiver	False
DT_NewShopItem	Mossberg590 Base Receiver	False
DT_NewShopItem	UMP Base Receiver	False
DT_NewShopItem	Bundle Deagle Barbeled	False
DT_NewShopItem	Fostech Base Receiver	False
DT_NewShopItem	Kobra Base Receiver	False
DT_NewShopItem	M1911 Base Receiver	False
DT_NewShopItem	Revolver Base Receiver	False
DT_NewShopItem	Karambit Base Scorpion Blood	False
DT_NewShopItem	Karambit Base Arctic Echoez	False
DT_NewShopItem	Karambit Base Royal Fang	False
DT_NewShopItem	Karambit Base Violet Galaxy	False
DT_NewShopItem	Battery Drone Marmoset	False
DT_NewShopItem	CameraRatel2	False
DT_NewShopItem	Action Camera Go Go10 Camera	False
DT_NewShopItem	Base Antenna Marmoset	False
DT_NewShopItem	Drone Rotor Marmoset	False
DT_NewShopItem	Lockit Red	False
DT_NewShopItem	Drone Rotor Marmoset Blue	False
DT_NewShopItem	Drone Rotor Marmoset Red	False
DT_NewShopItem	Drone Kamikaze Frame	False
DT_NewShopItem	Battery Drone Kamikaze	False
DT_NewShopItem	Base Antenna Kamikaze	False
DT_NewShopItem	Drone Rotor Kamikaze	False
DT_NewShopItem	Drone Kamikaze Propeller	False
DT_NewShopItem	FPVCameraphoenix2	False
DT_NewShopItem	Drone Kamikaze Propeller Yellow	False
DT_NewShopItem	Drone Kamikaze Propeller Red	False
DT_NewShopItem	Drone Kamikaze Propeller Green	False
DT_NewShopItem	Drone Kamikaze Propeller Cyan	False
DT_NewShopItem	Drone Rotor Pulse	False
DT_NewShopItem	Drone Pulse Propeller	False
DT_NewShopItem	Drone Pulse Propeller Red	False
DT_NewShopItem	Drone Pulse Propeller Pink	False
DT_NewShopItem	Drone Pulse Propeller Orange	False
DT_NewShopItem	Base Antenna Pulse	False
DT_NewShopItem	Action Camera Support Marmoset	False
DT_NewShopItem	Drone Rotor Sentinel	False
DT_NewShopItem	Drone Sentinel Propeller	False
DT_NewShopItem	Battery Drone Sentinel	False
DT_NewShopItem	Sentinel Frame	False
DT_NewShopItem	Action Camera Support Marmoset Red	False
DT_NewShopItem	Action Camera Support Marmoset Black	False
DT_NewShopItem	Action Camera Go go Boss Camera	False
DT_NewShopItem	Action Camera Go Go Section Camera	False
DT_NewShopItem	Rotor Velox V2207V34-6S	False
DT_NewShopItem	FPVCameraHDMona	False
DT_NewShopItem	Battery Liion 6S2P 10000mAh 90 AXT 60	False
DT_NewShopItem	Base Antenna Matchsticks 200mm 58 Carbon	False
DT_NewShopItem	Propeller Cyclone T1050 Glass Fiber	False
DT_NewShopItem	Battery 4S2P 6000mAh 90 AXT 60	False
DT_NewShopItem	Phonix 2 Joshua	False
DT_NewShopItem	Glock Series Slide Zaffari 0	False
DT_NewShopItem	Glock Series Slide Zaffari 01	False
DT_NewShopItem	Glock Series Slide Strike Industries 0	False
DT_NewShopItem	Glock Series Slide Strike Industries 1	False
DT_NewShopItem	Glock Series Slide Strike Industries 2	False
DT_NewShopItem	Glock Series Slide Strike Industries 3	False
DT_NewShopItem	RC Kyoshin Shell Kyoshin	False
DT_NewShopItem	RC Kyoshin Spoiler	False
DT_NewShopItem	Base Antenna Kyoshin	False
DT_NewShopItem	RC Trataxes Shell Green	False
DT_NewShopItem	RC Trataxes Shell Red	False
DT_NewShopItem	RC Kyoshin Wheel Tire Slick	False
DT_NewShopItem	Revolver Barrel	False
DT_NewShopItem	Revolver Cylinder	False
DT_NewShopItem	Revolver Grip	False
DT_NewShopItem	Revolver Trigger	False
DT_NewShopItem	Revolver Hammer	False
DT_NewShopItem	Revolver Korth Barrel STX	False
DT_NewShopItem	Revolver Korth Barrel ALX	False
DT_NewShopItem	Revolver Korth Barrel Long STX	False
DT_NewShopItem	Revolver Korth Barrel Long ALX	False
DT_NewShopItem	Revolver Grip Korth STX	False
DT_NewShopItem	Revolver Grip Korth ALX	False
DT_NewShopItem	Revolver Korth Hammer STX	False
DT_NewShopItem	Revolver Korth Hammer ALX	False
DT_NewShopItem	Revolver 8 Barrel	False
DT_NewShopItem	Revolver Revolver8 Grip	False
DT_NewShopItem	Revolver Revolver8 Trigger	False
DT_NewShopItem	Uzi Magazine	False
DT_NewShopItem	Uzi Stock Old School	False
DT_NewShopItem	UZI Trigger	False
DT_NewShopItem	Uzi Muzzle Default	False
DT_NewShopItem	RC Kyoshin Shell AudoR-88	False
DT_NewShopItem	M1911 Threaded Barrel	False
DT_NewShopItem	M1911 Magazine	False
DT_NewShopItem	M1911 Slide	False
DT_NewShopItem	M16 M1911 Trigger	False
DT_NewShopItem	AK47 Magazine Shadow	False
DT_NewShopItem	Wheel P190Tire 14	False
DT_NewShopItem	Wheel P190Tire 15	False
DT_NewShopItem	Wheel P190Tire 16	False
DT_NewShopItem	Wheel P190Tire 17	False
DT_NewShopItem	Wheel P190Tire 18	False
DT_NewShopItem	Wheel P190 Tire 19	False
DT_NewShopItem	Wheel P190 Tire 20	False
DT_NewShopItem	Wheel P190 Tire 22	False
DT_NewShopItem	Wheel P190 Tire 23	False
DT_NewShopItem	Wheel P190 Tire 24	False
DT_NewShopItem	Wheel P190 Tire 25	False
DT_NewShopItem	RC Trataxes Shell Jeet Ragoner	False
DT_NewShopItem	Wheel Jeet Ragoner	False
DT_NewShopItem	M1911 Hammer	False
DT_NewShopItem	Kobra Slide	False
DT_NewShopItem	Kobra Threaded Barrel	False
DT_NewShopItem	Wheel Ranger Baja	False
DT_NewShopItem	Wheel Sand Bruiser250	False
DT_NewShopItem	Scar-H Magazine Abstract	False
DT_NewShopItem	M16A1 Barrel Fallout	False
DT_NewShopItem	M16A1 Grip Fallout	False
DT_NewShopItem	M16A1 Magazine Fallout	False
DT_NewShopItem	M16A1 Stock Fallout	False
DT_NewShopItem	M16A1 Trigger Fallout	False
DT_NewShopItem	Cross Dot	False
DT_NewShopItem	Cornered	False
DT_NewShopItem	X-Cross	False
DT_NewShopItem	X-Arrow Head	False
DT_NewShopItem	Glock17 Threaded Barrel Ifriee	False
DT_NewShopItem	Canted Dot Large	False
DT_NewShopItem	Circle Dot MK3	False
DT_NewShopItem	Dot	False
DT_NewShopItem	Iron Full	False
DT_NewShopItem	Kobra Base Shadow Receiver	False
DT_NewShopItem	Kobra Slide Shadow	False
DT_NewShopItem	Kobra Base IFriee Receiver	False
DT_NewShopItem	Kobra Slide IFriee	False
DT_NewShopItem	Glock17 Base Blood Moon	False
DT_NewShopItem	Glock17 Slide Blood Moon	False
DT_NewShopItem	Glock17 Base Ticket To Hell	False
DT_NewShopItem	Laser Retotec OGL Black	False
DT_NewShopItem	Glock17 Base Abstract	False
DT_NewShopItem	Glock17 Slide Abstract	False
DT_NewShopItem	Glock17 Base Blue Pixel	False
DT_NewShopItem	Glock17 Slide Blue Pixel	False
DT_NewShopItem	Glock17 Base Winter	False
DT_NewShopItem	Glock17 Slide Winter	False
DT_NewShopItem	FNFAL Base Bloody Mary	False
DT_NewShopItem	FNFAL Barrel BloodyMary	False
DT_NewShopItem	FNFAL Base Dirty	False
DT_NewShopItem	FNFAL Barrel Dirty	False
DT_NewShopItem	Knife Base Receiver	False
DT_NewShopItem	Kyoshin Chassis	False
DT_NewShopItem	RC Trataxes Wheel	False
DT_NewShopItem	Trataxes Chassis	False
DT_NewShopItem	M1911 Slide Sand	False
DT_NewShopItem	M1911 Slide Pond	False
DT_NewShopItem	Bundle FNFAL Bone	False
DT_NewShopItem	FNFAL Barrel Bone	False
DT_NewShopItem	RC Kyoshin Shell Transparent	True
DT_NewShopItem	Optic Mount BZen 00	False
DT_NewShopItem	Drone Long Range Device Explosive	False
DT_NewShopItem	Drone Long Range Device Additional Battery	True
DT_NewShopItem	Drone Long Range Device Additional Fragmentation Grenade	True
DT_NewShopItem	Drone Whoop Device Thermal Camera	True
DT_NewShopItem	Drone Whoop Device Decoy Speaker	True
DT_NewShopItem	Drone Whoop Device Additional Battery	False
DT_NewShopItem	RC Trataxes Device Shield	True
DT_NewShopItem	Stock ACSL Carbine Superior	False
DT_NewShopItem	Muzzle M4SD Fake Orange Safety Tip	False
DT_NewShopItem	Muzzle CGS Helios QD Titanium Silencer V20	False
DT_NewShopItem	MP9 Muzzle Brugger Thomet Default	False
DT_NewShopItem	Optic Mount BZen 04	False
DT_NewShopItem	AK47 Base Receiver	False
DT_NewShopItem	CZ-P-09 Threaded Barrel	False
DT_NewShopItem	RaiderX Barrel	False
DT_NewShopItem	Glock17 Threaded Barrel Series Catalyst 0	False
DT_NewShopItem	Glock17 Threaded Barrel Series Catalyst 1	False
DT_NewShopItem	M1911 Hammer Gold	False
DT_NewShopItem	Sticker Bodycam Off	False
DT_NewShopItem	Sticker Kit Jet	False
DT_NewShopItem	Sticker Vodkat	False
DT_NewShopItem	Sticker Focus	False
DT_NewShopItem	Sticker RC	False
DT_NewShopItem	Last chance	False
DT_NewShopItem	Glock17 Threaded Barrel Series Strike Industries 0	False
DT_NewShopItem	Zaffari Red	False
DT_NewShopItem	Glock Series Slide Zaffari 2	False
DT_NewShopItem	Deagle Grip 01	False
DT_NewShopItem	Deagle Grip02	False
DT_NewShopItem	Deagle Grip 03	False
DT_NewShopItem	Deagle Grip 04	False
DT_NewShopItem	Deagle Barrel 01	False
DT_NewShopItem	Deagle Barrel 02	False
DT_NewShopItem	Deagle Barrel 03	False
DT_NewShopItem	Deagle Barrel 04	False
DT_NewShopItem	Deagle Slide 01 Black Oxide 0	False
DT_NewShopItem	Deagle Slide 01	False
DT_NewShopItem	Deagle Slide 01 Black Oxide 1	False
DT_NewShopItem	Deagle Slide 01 Black Oxide 2	False
DT_NewShopItem	Deagle Slide 01 Black Oxide 3	False
DT_NewShopItem	Deagle Slide 01 Black Oxide 4	False
DT_NewShopItem	Deagle Slide 01 Black Oxide 5	False
DT_NewShopItem	Deagle Slide 01 Black Oxide 6	False
DT_NewShopItem	Deagle Barrel 05 Black Oxide	False
DT_NewShopItem	Deagle Barrel 05 Brushed Red	False
DT_NewShopItem	Deagle Barrel 05 Casehardened	False
DT_NewShopItem	Deagle Barrel 05	False
DT_NewShopItem	Deagle Barrel 05 Damas	False
DT_NewShopItem	Deagle Barrel 05 Engraved	False
DT_NewShopItem	Deagle Barrel 05 Gold	False
DT_NewShopItem	Deagle Grip Brushed Red	False
DT_NewShopItem	Deagle Base Brushed Red	False
DT_NewShopItem	Deagle Base Black Oxide	False
DT_NewShopItem	Deagle Trigger	False
DT_NewShopItem	Deagle Hammer	False
DT_NewShopItem	Deagle Hammer Ifriee	False
DT_NewShopItem	Deagle Trigger Ifriee	False
DT_NewShopItem	Deagle Hammer Damas	False
DT_NewShopItem	Deagle Barrel 01 Brushed Red	False
DT_NewShopItem	Deagle Barrel 01 Black Oxide	False
DT_NewShopItem	Action Camera Extra 360 Camera	False
DT_NewShopItem	Drone Long Range Device Fiber Optic Spool	True
DT_NewShopItem	Scar-H Stock 01 FDE	False
DT_NewShopItem	Scar-H Stock 02 FDE	False
DT_NewShopItem	Scar-H Stock 03 FDE	False
DT_NewShopItem	Scar-H Stock 04 FDE	False
DT_NewShopItem	Scar-H Stock 05 FDE	False
DT_NewShopItem	Scar-H Barrel 01 FDE	False
DT_NewShopItem	Scar-H Barrel 02 FDE	False
DT_NewShopItem	Scar-H Barrel 03 FDE	False
DT_NewShopItem	Scar-H Barrel 01 Black	False
DT_NewShopItem	Scar-H Barrel 02 Black	False
DT_NewShopItem	Scar-H Barrel 03 Black	False
DT_NewShopItem	Scar-H Stock 01 Black	False
DT_NewShopItem	Scar-H Stock 02 Black	False
DT_NewShopItem	Scar-H Stock 03 Black	False
DT_NewShopItem	Scar-H Stock 04 Black	False
DT_NewShopItem	Scar-H Stock 05 Black	False
DT_NewShopItem	Scar Grip Default Black	False
DT_NewShopItem	Scar-H Magazine Default Black	False
DT_NewShopItem	Scar-H Base Receiver Clean Black	False
DT_NewShopItem	Scar-H Muzzle 01	False
DT_NewShopItem	Scar Trigger	False
DT_NewShopItem	MP5 Optic Mount	False
DT_NewShopItem	Uzi Stock M Fold	False
DT_NewShopItem	Optic Mount 25cm	False
DT_NewShopItem	Optic Mount 10cm	False
DT_NewShopItem	Optic Mount 15cm	False
DT_NewShopItem	Uzi Stock M Folded	False
DT_NewShopItem	Deagle Magazine	False
DT_NewShopItem	Deagle Magazine Extended	False
DT_NewShopItem	FNFAL Optic Mount	False
DT_NewShopItem	AR15 Stock Default V20	False
DT_NewShopItem	Karambit Base Iridescent	False
DT_NewShopItem	Karambit Base Argentic	False
DT_NewShopItem	Karambit Base Blooded	False
DT_NewShopItem	Karambit Base Whiteout	False
DT_NewShopItem	AR15 Magazine Simple RED	False
DT_NewShopItem	AR15 Magazine Simple FDE	False
DT_NewShopItem	Deagle Barrel Iridescent	False
DT_NewShopItem	Deagle Slide Iridescent	False
DT_NewShopItem	Bundle Deagle Iridescent	False
DT_NewShopItem	Remington700 Bolt	False
DT_NewShopItem	Remington700 Barrel Long	False
DT_NewShopItem	Remington700 Barrel Short	False
DT_NewShopItem	M16A4 Trigger BCPD	False
DT_NewShopItem	M16A4 Magazine BCPD	False
DT_NewShopItem	M16A4 Magazine Ticket To Hell	False
DT_NewShopItem	M16A4 Magazine French Patriot	False
DT_NewShopItem	M16A4 Trigger French Patriot	False
DT_NewShopItem	M16A4 Magazine Western	False
DT_NewShopItem	M16A4 Trigger Western	False
DT_NewShopItem	Scar-H Barrel Abstract	False
DT_NewShopItem	Scar Grip Abstract	False
DT_NewShopItem	M16A4 Magazine Joker	False
DT_NewShopItem	Scar-H Magazine Ticket To Hell	False
DT_NewShopItem	Mossberg590 Pump Classic	False
DT_NewShopItem	Mossberg590 Base Classic	False
DT_NewShopItem	Bundle Mossberg590 Base Classic	False
DT_NewShopItem	M1911 Base BTK	False
DT_NewShopItem	M1911 Slide BTK	False
DT_NewShopItem	M1911 Trigger BTK	False
DT_NewShopItem	M1911 Hammer BTK	False
DT_NewShopItem	FNFAL Grip Bone	False
DT_NewShopItem	FNFAL Base Bone	False
DT_NewShopItem	FNFAL Trigger Bone	False
DT_NewShopItem	FNFAL Magazine Bone	False
DT_NewShopItem	Fostech Magazine Dirty	False
DT_NewShopItem	Fostech Magazine Soldier	False
DT_NewShopItem	Fostech Trigger	False
DT_NewShopItem	FNFAL Stock Dirty	False
DT_NewShopItem	FNFAL Grip Dirty	False
DT_NewShopItem	FNFAL Trigger Dirty	False
DT_NewShopItem	FNFAL Magazine Dirty	False
DT_NewShopItem	Fostech Magazine Leopard	False
DT_NewShopItem	Deagle Base Receiver	False
DT_NewShopItem	Deagle Magazine Barbeled	False
DT_NewShopItem	Deagle Barrel Barbeled	False
DT_NewShopItem	Deagle Trigger Barbeled	False
DT_NewShopItem	Deagle Grip Barbeled	False
DT_NewShopItem	Deagle Hammer Barbeled	False
DT_NewShopItem	Deagle Slide Barbeled	False
DT_NewShopItem	Deagle Slide Western	False
DT_NewShopItem	Deagle Grip Western	False
DT_NewShopItem	Deagle Barrel Western	False
DT_NewShopItem	Bundle Deagle Western	False
DT_NewShopItem	Remington700 Base Receiver	False
DT_NewShopItem	Bundle Deagle WhiteLiquid	False
DT_NewShopItem	Deagle Grip WhiteLiquid	False
DT_NewShopItem	Deagle Barrel WhiteLiquid	False
DT_NewShopItem	Deagle Slide WhiteLiquid	False
DT_NewShopItem	MP5 Forearm Dedicated Wooden	False
DT_NewShopItem	MP5 Magazine Wooden	False
DT_NewShopItem	Bundle Deagle Fire Aspect	False
DT_NewShopItem	Deagle Magazine Fire Aspect	False
DT_NewShopItem	Deagle Barrel Fire Aspect	False
DT_NewShopItem	Deagle Grip Fire Aspect	False
DT_NewShopItem	Deagle Hammer Fire Aspect	False
DT_NewShopItem	Deagle Slide Fire Aspect	False
DT_NewShopItem	M4A1 Base Joker	False
DT_NewShopItem	Blade Base Receiver	False
DT_NewShopItem	Folding Bloody	False
DT_NewShopItem	Rivington 700 Dark Plastic	False
DT_NewShopItem	Rivington 700 Camo	False
DT_NewShopItem	Rivington 700 East	False
DT_NewShopItem	Rivington 700 Grey	False
DT_NewShopItem	Flash NFDD	False
DT_NewShopItem	Assault Cross	False
DT_NewShopItem	Diamond 4 Split	False
DT_NewShopItem	FPS Pro V1	False
DT_NewShopItem	FPS Pro V2	False
DT_NewShopItem	FPS Pro V3	False
DT_NewShopItem	Canted Dot	False
DT_NewShopItem	AK Stock SAG Short	True
DT_NewShopItem	AK Stock SAG	False
DT_NewShopItem	Flashed	False
DT_NewShopItem	Hot Mess	False
DT_NewShopItem	Primal Chaos	False
DT_NewShopItem	Kitty Heart	False
DT_NewShopItem	Hello Still There ?	False
DT_NewShopItem	Hammer Time !	False
DT_NewShopItem	Ewhhh	False
DT_NewShopItem	Drift	False
DT_NewShopItem	Mind your blind spot	False
DT_NewShopItem	Check Engine	False
DT_NewShopItem	Zip Tie Certified	False
DT_NewShopItem	Bombcat	False
DT_NewShopItem	Yayyy Racoon	False
DT_NewShopItem	Enjoying	False
DT_NewShopItem	I saw that	False
DT_NewShopItem	Grenade Flash 9-Bangers	False
DT_NewShopItem	Mossberg590 Stock Dirty 02	False
DT_NewShopItem	Deagle Slide Fire Aspect 02	False
DT_NewShopItem	Catalyst Gold	False
DT_NewShopItem	Catalyst PRRED	False
DT_NewShopItem	Zaffari PP	False
DT_NewShopItem	Zaffari Emerald	False
DT_NewShopItem	Strike Cyan	False
DT_NewShopItem	Dot Large	False
DT_NewShopItem	Square Split	False
DT_NewShopItem	Circle Dot MK2	False
DT_NewShopItem	T-Cross Blue	False
DT_NewShopItem	Circle Dot MK1	False
DT_NewShopItem	 PIC V5 Tan	False
DT_NewShopItem	 PIC V5 Dark	False
DT_NewShopItem	 PIC V6 Tan	False
DT_NewShopItem	 PIC V6 Dark	False
DT_NewShopItem	 PIC V7 Tan	False
DT_NewShopItem	 PIC V7 Dark	False
DT_NewShopItem	 PIC V8 Tan	False
DT_NewShopItem	 PIC V8 Dark	False
DT_NewShopItem	 PIC V9 Tan	False
DT_NewShopItem	 PIC V9 Dark	False
DT_NewShopItem	Skarp Reflex	False
DT_NewShopItem	Kamikaze Frame LED	False
DT_NewShopItem	Led Loop	False
DT_NewShopItem	Glock17 Trigger	False
DT_NewShopItem	AK47 Magazine Default	False
DT_NewShopItem	SVD Optic Mount	False
DT_NewShopItem	Optic_WolterW	False
DT_NewShopItem	Wolter W FDE	False
DT_NewShopItem	Wolter W Red	False
DT_NewShopItem	Canted Holo	False
DT_NewShopItem	Chevron MK1	False
DT_NewShopItem	Magnified Dot MK1 Red	False
DT_NewShopItem	Magnified Chevron MK1 Red	False
DT_NewShopItem	Magnified Chevron MK2 Red	False
DT_NewShopItem	Magnified Chevron MK1 Green	False
DT_NewShopItem	Magnified Chevron MK3 Red	False
DT_NewShopItem	Bundle MP5 Bloody Mary	False
DT_NewShopItem	MP5 Forearm Bloody Mary	False
DT_NewShopItem	MP5 Stock Bloody Mary	False
DT_NewShopItem	MP5 Grip Bloody Mary	False
DT_NewShopItem	Bundle Deagle Ifriee	False
DT_NewShopItem	Deagle Barrel Ifriee	False
DT_NewShopItem	Deagle Slide Ifriee	False
DT_NewShopItem	Deagle Grip Ifriee	False
DT_NewShopItem	AK47 Magazine Ifriee	False
DT_NewShopItem	CZ P-09 Hammer	False
DT_NewShopItem	Scar-H Barrel Iridescent	False
DT_NewShopItem	Scar-H Stock Iridescent	False
DT_NewShopItem	Scar Grip Iridescent	False
DT_NewShopItem	Scar-H Magazine Iridescent	False
DT_NewShopItem	Bundle Scar-H Iridescent	False
DT_NewShopItem	AK47 Magazine Bandages	False
DT_NewShopItem	AK47 Barrel Bandages	False
DT_NewShopItem	AK47 Base BloodyMary	False
DT_NewShopItem	Bundle AK47 Bloodymary	False
DT_NewShopItem	FNFAL Grip BloodyMary	False
DT_NewShopItem	AKS74U Barrel Reliable	False
DT_NewShopItem	AKS74 Magazine Reliable	False
DT_NewShopItem	Stock PP-19 Vityaz Reliable	False
DT_NewShopItem	AK47 Base Western Classic	False
DT_NewShopItem	AK47 Magazine Western Black	False
DT_NewShopItem	AK47 Magazine Western Classic	False
DT_NewShopItem	AK47 Magazine Western White	False
DT_NewShopItem	AK47 Magazine Western Red	False
DT_NewShopItem	AK47 Stock Western Classic	False
DT_NewShopItem	AK47 Grip WesternClassic	False
DT_NewShopItem	AK47 Barrel WesternClassic	False
DT_NewShopItem	Bundle AK47 Western Classic 	False
DT_NewShopItem	RC Trataxes Shell	False
DT_NewShopItem	Uzi Base Splash	False
DT_NewShopItem	Ammo 9mm	False
DT_NewShopItem	Glock17 Slide Ticket To Hell	False
DT_NewShopItem	Laser Retotec OGL FDE	False
DT_NewShopItem	Laser Storm SLX	True
DT_NewShopItem	Laser Tac Device Holosun LS321	False
DT_NewShopItem	AK47 Base Case Hardened	False
DT_NewShopItem	AK47 Magazine Case Hardened	False
DT_NewShopItem	Bundle AK47 Case Hardened	False
DT_NewShopItem	AK47 Barrel Case Hardened	False
DT_NewShopItem	AK47 Trigger	False
DT_NewShopItem	Deagle Base Iridescent	False
DT_NewShopItem	Deagle Grip Iridescent	False
DT_NewShopItem	Deagle Magazine Iridescent	False
DT_NewShopItem	Optic PSG 1 Scope	True
DT_NewShopItem	FNFAL Magazine BloodyMary	False
DT_NewShopItem	Slight Black	False
DT_NewShopItem	RC Sphere Led	False
DT_NewShopItem	Canted Chevron MK1	False
DT_NewShopItem	Basic Blue	False
DT_NewShopItem	Sentinel_Payload_CellularModule	True
DT_NewShopItem	Sentinel Payload Flashlight	True
DT_NewShopItem	Led Sentinel	False
DT_NewShopItem	Nut stopy	False
DT_NewShopItem	Lockit	False
DT_NewShopItem	Nut Basic	False
DT_NewShopItem	Genfam	False
DT_NewShopItem	Genfam Purple	False
DT_NewShopItem	Stopy Black	False
DT_NewShopItem	Lockit Purple	False
DT_NewShopItem	Genfam Green	False
DT_NewShopItem	Genfam Cyan	False
DT_NewShopItem	Genfam Red	False
DT_NewShopItem	Reumer	False
DT_NewShopItem	FPV Carbon	False
DT_NewShopItem	R-34	False
DT_NewShopItem	Sticker Fatal Error	False
DT_NewShopItem	Drone Spectator	False
DT_NewShopItem	Flashlight Pulse	False
DT_NewShopItem	Flashlight Pulse FDE	False
DT_NewShopItem	CZ CZ-P-09 Slide Red	False
DT_NewShopItem	Optic Docter Sight	False
DT_NewShopItem	Magnified HSH Dot MK1 Red	False
DT_NewShopItem	Canted Optic Retotech WSXPS2	True
DT_NewShopItem	Canted Optic Iron Sight 4	True
DT_NewShopItem	Canted Optic Iron Sight 4 Tan	True
DT_NewShopItem	Canted Optic Aimpoint Acro P2 Black	True
DT_NewShopItem	Canted Optic Aimpoint Acro P2 FDE	True
DT_NewShopItem	MP5 Muzzle Sd	False
DT_NewShopItem	Remington700 Optic Mount	False
DT_NewShopItem	Glock17 Base Basic	False
DT_NewShopItem	Bomb Base Receiver	False
DT_NewShopItem	Muzzle Silencer	False
DT_NewShopItem	Canted Optic Burris FastFire 3	False
DT_NewShopItem	Canted Optic MK47 Default	False
DT_NewShopItem	Canted Optic EOTECH EFLX	False
DT_NewShopItem	Canted Optic Mount 45	False
DT_NewShopItem	Canted Upperbarrel Mount 45	False
DT_NewShopItem	Canted Optic Mount 30	False
DT_NewShopItem	Riser 50	False
DT_NewShopItem	Riser 75	False
DT_NewShopItem	Riser 100	False
DT_NewShopItem	Mount 45 Left	True
DT_NewShopItem	Canted Upperbarrel Mount 45 Left	False
DT_NewShopItem	Mount 15	False
DT_NewShopItem	Mount 15 Left	True
DT_NewShopItem	Mount 30 Left	True
DT_NewShopItem	Canted Upperbarrel Mount 30	False
DT_NewShopItem	Canted Upperbarrel Mount 30 Left	False
DT_NewShopItem	Canted Upperbarrel Mount 15	False
DT_NewShopItem	Canted Upperbarrel Mount 15 Left	False
DT_NewShopItem	Arrow	False
DT_NewShopItem	T-Cross	False
DT_NewShopItem	Assault Cross Blue	False
DT_NewShopItem	Assault Cross Green	False
DT_NewShopItem	Chevron MK1 Blue	False
DT_NewShopItem	Chevron MK1 Green	False
DT_NewShopItem	Circle Dot MK1 Blue	False
DT_NewShopItem	Circle Dot MK1 Green	False
DT_NewShopItem	Circle Dot MK2 Blue	False
DT_NewShopItem	Circle Dot MK2 Green	False
DT_NewShopItem	Circle Dot MK3 Blue	False
DT_NewShopItem	Circle Dot MK3 Green	False
DT_NewShopItem	Cross Dot Blue	False
DT_NewShopItem	Cross Dot Green	False
DT_NewShopItem	Dot Blue	False
DT_NewShopItem	Dot Green	False
DT_NewShopItem	Dot Large Green	False
DT_NewShopItem	Dot Large Blue	False
DT_NewShopItem	Holo Blue	False
DT_NewShopItem	Holo Green	False
DT_NewShopItem	Holo	False
DT_NewShopItem	T-Cross Green	False
DT_NewShopItem	X-Cross Blue	False
DT_NewShopItem	X-Cross Green	False
DT_NewShopItem	Magnified Dot MK2 Red	False
DT_NewShopItem	Magnified Dot MK3 Red	False
DT_NewShopItem	Magnified Chevron MK3 Green	False
DT_NewShopItem	Magnified HSH Dot MK2 Red	False
DT_NewShopItem	Magnified HSH Dot MK3 Red	False
DT_NewShopItem	Magnified HTR Tactical Cross Red	False
DT_NewShopItem	Magnified Chevron MK1 Blue	False
DT_NewShopItem	Magnified Chevron MK2 Green	False
DT_NewShopItem	Magnified Chevron MK2 Blue	False
DT_NewShopItem	Magnified Chevron MK3 Blue	False
DT_NewShopItem	Magnified Dot MK1 Green	False
DT_NewShopItem	Magnified Dot MK1 Blue	False
DT_NewShopItem	Magnified Dot MK2 Green	False
DT_NewShopItem	Magnified Dot MK2 Blue	False
DT_NewShopItem	Magnified Dot MK3 Green	False
DT_NewShopItem	Magnified Dot MK3 Blue	False
DT_NewShopItem	Magnified HSH Dot MK1 Green	False
DT_NewShopItem	Magnified HSH Dot MK1 Blue	False
DT_NewShopItem	Magnified HSH Dot MK2 Green	False
DT_NewShopItem	Magnified HSH Dot MK2 Blue	False
DT_NewShopItem	Magnified HSH Dot MK3 Green	False
DT_NewShopItem	Magnified HSH Dot MK3 Blue	False
DT_NewShopItem	Magnified HTR Tactical Cross Green	False
DT_NewShopItem	Magnified HTR Tactical Cross Blue	False
DT_NewShopItem	Canted Chevron MK1 Green	False
DT_NewShopItem	Canted Chevron MK1 Blue	False
DT_NewShopItem	Canted Dot Green	False
DT_NewShopItem	Canted Dot Blue	False
DT_NewShopItem	Canted Large Dot Green	False
DT_NewShopItem	Canted Large Dot Blue	False
DT_NewShopItem	Canted Holo Green	False
DT_NewShopItem	Canted Holo Blue	False
DT_NewShopItem	Magnified Dot Small MK1	False
DT_NewShopItem	Magnified Dot Small MK1 Green	False
DT_NewShopItem	Magnified Dot Small MK1 Blue	False
DT_NewShopItem	Magnified Argus Precision	False
DT_NewShopItem	Magnified Mil Dot	False
DT_NewShopItem	Magnified Cross Mil Dot Green	False
DT_NewShopItem	Magnified Cross Mil Dot Red	False
DT_NewShopItem	Magnified Cross Mil Dot Blue	False
DT_NewShopItem	Magnified Cross Red	False
DT_NewShopItem	Magnified Cross Green	False
DT_NewShopItem	Magnified Cross Blue	False
DT_NewShopItem	Sticker Seedlers	False
DT_NewShopItem	Operator Black Shadow	False
DT_BasicBundles	AK47 Basic Bundle	False
DT_BasicBundles	Deagle Basic Bundle	False
DT_BasicBundles	Fostech Basic Bundle	False
DT_BasicBundles	Glock17 Basic Bundle	False
DT_BasicBundles	Kobra Basic Bundle	False
DT_BasicBundles	M1911 Basic Bundle	False
DT_BasicBundles	M4A1 Basic Bundle	False
DT_BasicBundles	BC5 Basic Bundle	False
DT_BasicBundles	Mossberg590 Basic Bundle	False
DT_BasicBundles	Revolver Basic Bundle	False
DT_BasicBundles	Bundle UNT Basic Bundle	False
DT_BasicBundles	Uzi Basic Bundle	False
DT_BasicBundles	Scar Basic Bundle	False
DT_BasicBundles	TenpointStealthCrossbow Basic Bundle	True
DT_BasicBundles	RaiderX Basic Bundle	False
DT_BasicBundles	Benelli Basic Bundle	False
DT_BasicBundles	Tec9 Basic Bundle	False
DT_BasicBundles	CZ-P-09 Basic Bundle	False
DT_BasicBundles	Scorpion EVO3 Basic Bundle	False
DT_BasicBundles	Kriss Vector Basic Bundle	False
DT_BasicBundles	MP9 Basic Bundle	False
DT_BasicBundles	Dragunov Basic Bundle	False
DT_BasicBundles	FNFAL Basic Bundle	False
DT_BasicBundles	Knife Basic Bundle	False
DT_BasicBundles	Kyoshin Basic Bundle	False
DT_BasicBundles	Trataxes Basic Bundle	True
DT_BasicBundles	Sentinel Basic Bundle	False
DT_BasicBundles	Kamikaze Basic Bundle	False
DT_BasicBundles	Karambit Basic Bundle	False
DT_BasicBundles	Grenade G67 Basic Bundle	False
DT_BasicBundles	Grenade N67 Basic Bundle	False
DT_BasicBundles	Grenade RGN Basic Bundle	False
DT_BasicBundles	Grenade Moon Basic Bundle	True
DT_BasicBundles	Grenade Flash Basic Bundle	False
DT_BasicBundles	Remington700 Basic Bundle	False
DT_BasicBundles	Grenade_G68_Basic_Bundle	False
DT_BasicBundles	Folding Basic Bundle	False
DT_BasicBundles	Blade Basic Bundle	False
DT_BasicBundles	Grenade Flash 9-Bangers Basic Bundle	False
DT_BasicBundles	KA-US	False
DT_BasicBundles	KA-74M	False
DT_BasicBundles	M16-A2	False
DT_BasicBundles	BK-102S	False
DT_BasicBundles	SG5-KF	False
DT_BasicBundles	Rivington 700 TAC	False
DT_BasicBundles	Drako	False
DT_BasicBundles	Spectator Basic Bundle	True
DT_BasicBundles	GG_RPK	True
DT_BasicBundles	Bomb Basic Bundle	True
DT_BasicBundles	M15 IRS	True